-- phpMyAdmin SQL Dump
-- version 5.2.1
-- https://www.phpmyadmin.net/
--
-- Host: 127.0.0.1
-- Generation Time: Jan 04, 2024 at 05:26 PM
-- Server version: 10.4.32-MariaDB
-- PHP Version: 8.2.12

SET SQL_MODE = "NO_AUTO_VALUE_ON_ZERO";
START TRANSACTION;
SET time_zone = "+00:00";


/*!40101 SET @OLD_CHARACTER_SET_CLIENT=@@CHARACTER_SET_CLIENT */;
/*!40101 SET @OLD_CHARACTER_SET_RESULTS=@@CHARACTER_SET_RESULTS */;
/*!40101 SET @OLD_COLLATION_CONNECTION=@@COLLATION_CONNECTION */;
/*!40101 SET NAMES utf8mb4 */;

--
-- Database: `inception`
--

-- --------------------------------------------------------

--
-- Table structure for table `panel_applications`
--

CREATE TABLE `panel_applications` (
  `id` int(11) NOT NULL,
  `UserID` int(11) NOT NULL,
  `UserName` varchar(32) NOT NULL,
  `FactionID` int(11) NOT NULL,
  `Answers` text NOT NULL,
  `Questions` int(11) NOT NULL,
  `Status` int(11) NOT NULL,
  `Date` timestamp NOT NULL DEFAULT current_timestamp(),
  `ActionBy` varchar(24) NOT NULL
) ENGINE=InnoDB DEFAULT CHARSET=latin1 COLLATE=latin1_swedish_ci;

-- --------------------------------------------------------

--
-- Table structure for table `panel_clan_topics`
--

CREATE TABLE `panel_clan_topics` (
  `id` int(11) NOT NULL,
  `title` varchar(128) NOT NULL,
  `description` text NOT NULL,
  `username` varchar(32) NOT NULL,
  `date` timestamp NOT NULL DEFAULT current_timestamp(),
  `status` int(11) NOT NULL,
  `pinned` int(11) NOT NULL,
  `clanid` int(11) NOT NULL
) ENGINE=InnoDB DEFAULT CHARSET=latin1 COLLATE=latin1_swedish_ci;

-- --------------------------------------------------------

--
-- Table structure for table `panel_commentaries`
--

CREATE TABLE `panel_commentaries` (
  `ID` int(11) NOT NULL,
  `UserID` int(11) NOT NULL,
  `UserName` varchar(32) NOT NULL,
  `Skin` int(11) NOT NULL,
  `Text` text NOT NULL,
  `Date` timestamp NOT NULL DEFAULT current_timestamp(),
  `Section` varchar(32) NOT NULL,
  `TopicID` int(11) NOT NULL
) ENGINE=InnoDB DEFAULT CHARSET=latin1 COLLATE=latin1_swedish_ci;

-- --------------------------------------------------------

--
-- Table structure for table `panel_complaints`
--

CREATE TABLE `panel_complaints` (
  `ID` int(11) NOT NULL,
  `UserID` int(11) NOT NULL,
  `UserName` varchar(32) NOT NULL,
  `AccusedID` int(11) NOT NULL,
  `AccusedName` varchar(32) NOT NULL,
  `Text` text NOT NULL,
  `Category` int(11) NOT NULL,
  `Faction` int(11) NOT NULL,
  `Status` int(11) NOT NULL,
  `Date` timestamp NOT NULL DEFAULT current_timestamp(),
  `ActionBy` varchar(32) NOT NULL
) ENGINE=InnoDB DEFAULT CHARSET=latin1 COLLATE=latin1_swedish_ci;

--
-- Dumping data for table `panel_complaints`
--

INSERT INTO `panel_complaints` (`ID`, `UserID`, `UserName`, `AccusedID`, `AccusedName`, `Text`, `Category`, `Faction`, `Status`, `Date`, `ActionBy`) VALUES
(0, 43, 'name05', 9, 'mazoku', 'salbos', 1, 0, 0, '2024-01-02 18:09:54', '');

-- --------------------------------------------------------

--
-- Table structure for table `panel_dealership`
--

CREATE TABLE `panel_dealership` (
  `ID` int(10) NOT NULL,
  `Model` int(11) NOT NULL,
  `Price` int(11) NOT NULL DEFAULT 1
) ENGINE=InnoDB DEFAULT CHARSET=latin1 COLLATE=latin1_swedish_ci;

-- --------------------------------------------------------

--
-- Table structure for table `panel_editables`
--

CREATE TABLE `panel_editables` (
  `ID` int(11) NOT NULL,
  `Text` text NOT NULL,
  `By` varchar(32) NOT NULL,
  `Form` varchar(32) NOT NULL,
  `Updated` timestamp NOT NULL DEFAULT current_timestamp() ON UPDATE current_timestamp()
) ENGINE=InnoDB DEFAULT CHARSET=latin1 COLLATE=latin1_swedish_ci;

-- --------------------------------------------------------

--
-- Table structure for table `panel_email_change`
--

CREATE TABLE `panel_email_change` (
  `id` int(11) NOT NULL,
  `username` varchar(32) NOT NULL,
  `old_email` varchar(64) NOT NULL,
  `new_email` varchar(64) NOT NULL,
  `token` varchar(32) NOT NULL,
  `date` timestamp NOT NULL DEFAULT current_timestamp(),
  `time` int(11) NOT NULL,
  `user` int(11) NOT NULL
) ENGINE=InnoDB DEFAULT CHARSET=latin1 COLLATE=latin1_swedish_ci;

-- --------------------------------------------------------

--
-- Table structure for table `panel_functions`
--

CREATE TABLE `panel_functions` (
  `ID` int(11) NOT NULL,
  `UserID` int(11) NOT NULL,
  `UserName` varchar(32) NOT NULL,
  `Tag` varchar(64) NOT NULL,
  `Color` varchar(32) NOT NULL,
  `Icon` varchar(64) NOT NULL,
  `Date` timestamp NOT NULL DEFAULT current_timestamp()
) ENGINE=InnoDB DEFAULT CHARSET=latin1 COLLATE=latin1_swedish_ci;

-- --------------------------------------------------------

--
-- Table structure for table `panel_logs`
--

CREATE TABLE `panel_logs` (
  `ID` int(11) NOT NULL,
  `UserID` int(11) NOT NULL,
  `UserName` varchar(32) NOT NULL,
  `Log` text NOT NULL,
  `VictimID` int(11) NOT NULL,
  `VictimName` varchar(32) NOT NULL,
  `Date` timestamp NOT NULL DEFAULT current_timestamp(),
  `Structure` int(11) NOT NULL
) ENGINE=InnoDB DEFAULT CHARSET=latin1 COLLATE=latin1_swedish_ci;

-- --------------------------------------------------------

--
-- Table structure for table `panel_notifications`
--

CREATE TABLE `panel_notifications` (
  `ID` int(11) NOT NULL,
  `UserID` int(11) NOT NULL,
  `UserName` varchar(32) NOT NULL,
  `Notification` text NOT NULL,
  `FromID` int(11) NOT NULL,
  `FromName` varchar(32) NOT NULL,
  `Seen` int(11) NOT NULL,
  `Link` text NOT NULL,
  `Date` timestamp NOT NULL DEFAULT current_timestamp()
) ENGINE=InnoDB DEFAULT CHARSET=latin1 COLLATE=latin1_swedish_ci;

--
-- Dumping data for table `panel_notifications`
--

INSERT INTO `panel_notifications` (`ID`, `UserID`, `UserName`, `Notification`, `FromID`, `FromName`, `Seen`, `Link`, `Date`) VALUES
(0, 9, 'mazoku', 'name05 made an Faction complaint against you! Check it out.', 43, 'name05', 0, 'http://localhost/inc/complaints', '2024-01-02 18:09:54');

-- --------------------------------------------------------

--
-- Table structure for table `panel_questions`
--

CREATE TABLE `panel_questions` (
  `id` int(11) NOT NULL,
  `question` text NOT NULL,
  `factionid` int(11) NOT NULL,
  `date` timestamp NOT NULL DEFAULT current_timestamp()
) ENGINE=InnoDB DEFAULT CHARSET=latin1 COLLATE=latin1_swedish_ci;

-- --------------------------------------------------------

--
-- Table structure for table `panel_recover`
--

CREATE TABLE `panel_recover` (
  `id` int(11) NOT NULL,
  `user` int(11) NOT NULL,
  `username` varchar(64) NOT NULL,
  `email` varchar(128) NOT NULL,
  `token` varchar(64) NOT NULL,
  `time` int(11) NOT NULL,
  `autotime` timestamp NOT NULL DEFAULT current_timestamp(),
  `active` int(11) NOT NULL
) ENGINE=InnoDB DEFAULT CHARSET=latin1 COLLATE=latin1_swedish_ci;

-- --------------------------------------------------------

--
-- Table structure for table `panel_suspend`
--

CREATE TABLE `panel_suspend` (
  `ID` int(11) NOT NULL,
  `User` varchar(32) NOT NULL,
  `Userid` int(11) NOT NULL,
  `Admin` varchar(32) NOT NULL,
  `Adminid` int(11) NOT NULL,
  `Days` int(11) NOT NULL,
  `Date` timestamp NOT NULL DEFAULT current_timestamp(),
  `Date_unix` int(11) NOT NULL,
  `Expire_unix` int(11) NOT NULL,
  `Expire` varchar(32) NOT NULL,
  `Reason` varchar(64) NOT NULL
) ENGINE=InnoDB DEFAULT CHARSET=latin1 COLLATE=latin1_swedish_ci;

-- --------------------------------------------------------

--
-- Table structure for table `panel_tickets`
--

CREATE TABLE `panel_tickets` (
  `ID` int(11) NOT NULL,
  `UserID` int(11) NOT NULL,
  `UserName` varchar(32) NOT NULL,
  `Category` varchar(64) NOT NULL,
  `Text` text NOT NULL,
  `Status` int(11) NOT NULL,
  `Date` timestamp NOT NULL DEFAULT current_timestamp(),
  `ActionBy` varchar(32) NOT NULL
) ENGINE=InnoDB DEFAULT CHARSET=latin1 COLLATE=latin1_swedish_ci;

-- --------------------------------------------------------

--
-- Table structure for table `panel_unban`
--

CREATE TABLE `panel_unban` (
  `ID` int(11) NOT NULL,
  `UserID` int(11) NOT NULL,
  `UserName` varchar(32) NOT NULL,
  `BanDetails` text NOT NULL,
  `Title` varchar(32) NOT NULL,
  `Details` text NOT NULL,
  `Status` int(11) NOT NULL,
  `Date` timestamp NOT NULL DEFAULT current_timestamp(),
  `ActionBy` varchar(32) NOT NULL DEFAULT 'Banned'
) ENGINE=InnoDB DEFAULT CHARSET=latin1 COLLATE=latin1_swedish_ci;

-- --------------------------------------------------------

--
-- Table structure for table `server_bans`
--

CREATE TABLE `server_bans` (
  `ID` int(11) NOT NULL,
  `Name` varchar(24) NOT NULL DEFAULT 'None',
  `PlayerSQLID` int(11) NOT NULL DEFAULT -1,
  `AdminName` varchar(24) NOT NULL DEFAULT 'AdmBot',
  `AdminSQLID` int(11) NOT NULL DEFAULT -1,
  `Reason` varchar(64) NOT NULL DEFAULT 'No Reason',
  `Days` int(11) NOT NULL,
  `Permanent` int(11) NOT NULL,
  `Active` int(11) NOT NULL DEFAULT 0,
  `Date` varchar(32) NOT NULL DEFAULT 'None'
) ENGINE=InnoDB DEFAULT CHARSET=latin1 COLLATE=latin1_swedish_ci;

--
-- Dumping data for table `server_bans`
--

INSERT INTO `server_bans` (`ID`, `Name`, `PlayerSQLID`, `AdminName`, `AdminSQLID`, `Reason`, `Days`, `Permanent`, `Active`, `Date`) VALUES
(1, 'test28', 8, 'Sancky', 1, 'Conturi multiple (paqq) (x)', 1642195817, 0, 0, '23:30:17 16/10/2021'),
(2, 'Sancky', 1, 'AdmBot', 0, '3/3 warns', 1665533710, 0, 0, '03:15:10 09/10/2022');

-- --------------------------------------------------------

--
-- Table structure for table `server_business`
--

CREATE TABLE `server_business` (
  `ID` int(11) NOT NULL,
  `Type` int(11) NOT NULL,
  `Balance` int(11) NOT NULL DEFAULT 0,
  `Level` int(11) NOT NULL DEFAULT 5,
  `Price` int(11) NOT NULL DEFAULT 50000000,
  `Fee` int(11) NOT NULL DEFAULT 500,
  `OwnerSQLID` int(11) NOT NULL DEFAULT -1,
  `Locked` tinyint(1) NOT NULL DEFAULT 0,
  `X` float NOT NULL,
  `Y` float NOT NULL,
  `Z` float NOT NULL,
  `ExitX` float NOT NULL,
  `ExitY` float NOT NULL,
  `ExitZ` float NOT NULL,
  `OwnerName` varchar(33) NOT NULL DEFAULT 'AdmBot',
  `Description` varchar(64) NOT NULL DEFAULT 'Inception Business'
) ENGINE=InnoDB DEFAULT CHARSET=utf8mb4 COLLATE=utf8mb4_general_ci;

--
-- Dumping data for table `server_business`
--

INSERT INTO `server_business` (`ID`, `Type`, `Balance`, `Level`, `Price`, `Fee`, `OwnerSQLID`, `Locked`, `X`, `Y`, `Z`, `ExitX`, `ExitY`, `ExitZ`, `OwnerName`, `Description`) VALUES
(1, 1, 56931, 15, 50000000, 5000, -1, 0, 1457.17, -1011.4, 26.8438, 2306, -16, 27, 'AdmBot', 'Inception Business'),
(2, 1, 51931, 15, 50000000, 5000, -1, 0, 1102.41, -1440.15, 15.7969, 2306, -16, 27, 'AdmBot', 'Inception Business'),
(3, 2, 37000, 10, 25000000, 500, -1, 0, 454.117, -1478.02, 30.8142, 207.738, -109.02, 1005.13, 'AdmBot', 'Inception Business'),
(4, 2, 35000, 10, 25000000, 5000, -1, 0, 499.635, -1360.27, 16.3389, 207.738, -109.02, 1005.13, 'AdmBot', 'Inception Business'),
(5, 3, 60000, 15, 2, 500, -1, 0, 1368.21, -1279.8, 13.5469, 285.679, -86.0604, 1001.52, 'AdmBot', 'Inception Business'),
(6, 3, 15300, 15, 50000000, 5000, -1, 0, 1791.65, -1163.9, 23.8281, 285.679, -86.0604, 1001.52, 'AdmBot', 'Inception Business'),
(7, 4, 5001, 15, 50000000, 5000, -1, 0, 1000.21, -920.038, 42.3281, -25.9021, -187.66, 1003.55, 'AdmBot', 'Inception Business'),
(8, 4, 13000, 15, 50000000, 500, -1, 0, 1352.38, -1758.93, 13.5078, -25.9021, -187.66, 1003.55, 'AdmBot', 'Inception Business'),
(9, 5, 10000, 10, 50000000, 500, -1, 0, 811.281, -1616.2, 13.5469, 363.368, -74.826, 1001.51, 'AdmBot', 'Inception Business'),
(10, 4, 5500, 15, 50000000, 500, -1, 0, 1833.43, -1842.63, 13.5781, -25.9021, -187.66, 1003.55, 'AdmBot', 'Inception Business'),
(11, 5, 13500, 10, 50000000, 500, -1, 0, 1199.38, -918.773, 43.1176, 363.368, -74.826, 1001.51, 'AdmBot', 'Inception Business'),
(12, 6, 11000, 10, 25000000, 500, -1, 0, 1087.73, -922.66, 43.3906, -100.502, -24.53, 1000.72, 'AdmBot', 'Inception Business'),
(13, 7, 46000, 10, 25000000, 5000, -1, 0, 1836.11, -1682.55, 13.3616, 493.391, -22.7228, 1000.68, 'AdmBot', 'Inception Business'),
(14, 8, 22500, 15, 50000000, 500, -1, 0, 1169.98, -1489.64, 22.7558, 0, 0, 0, 'AdmBot', 'Inception Business'),
(15, 9, 32000, 10, 50000000, 5000, -1, 0, 2229.8, -1721.51, 13.5637, 772.112, -3.89865, 1000.73, 'AdmBot', 'Inception Business'),
(16, 10, 6000, 15, 50000000, 500, -1, 0, 1022.54, -1121.43, 23.8701, 2018.48, 1017.82, 996.875, 'AdmBot', 'Inception Business'),
(17, 11, 5001, 15, 50000000, 5000, -1, 0, 491.539, -1734.15, 11.2581, 0, 0, 0, 'AdmBot', 'Inception Business'),
(18, 11, 18000, 15, 50000000, 5000, -1, 0, 1028.87, -1030.42, 32.0518, 0, 0, 0, 'AdmBot', 'Inception Business'),
(19, 11, 29000, 15, 50000000, 5000, -1, 0, 2072.75, -1828.07, 13.5469, 0, 0, 0, 'AdmBot', 'Inception Business'),
(20, 12, 10002, 15, 50000000, 5000, -1, 0, 524.792, -1291.55, 17.2422, 0, 0, 0, 'AdmBot', 'Inception Business'),
(21, 13, 5001, 15, 50000000, 5000, -1, 0, 1004.15, -937.908, 42.1797, 0, 0, 0, 'AdmBot', 'Inception Business'),
(22, 13, 2000, 15, 50000000, 500, -1, 0, 1942.47, -1772.88, 13.3906, 0, 0, 0, 'AdmBot', 'Inception Business'),
(23, 4, 5500, 15, 50000000, 500, -1, 0, 1929.18, -1776.33, 13.5469, -25.9021, -187.66, 1003.55, 'AdmBot', 'Inception Business'),
(24, 13, 7000, 15, 50000000, 5000, -1, 0, -91.0013, -1168.88, 2.42403, 0, 0, 0, 'AdmBot', 'Inception Business'),
(25, 14, 25069, 15, 50000000, 5000, -1, 0, 1037.29, -1025.35, 32.1016, 0, 0, 0, 'AdmBot', 'Inception Business'),
(26, 14, 1000, 15, 0, 5000, 1, 0, 2648.72, -2038.37, 13.554, 0, 0, 0, 'Sancky', 'Inception Business'),
(27, 15, 13500, 15, 50000000, 500, -1, 0, 1726.91, -1636.6, 20.217, 833.917, 7.489, 1004.18, 'AdmBot', 'Inception Business');

-- --------------------------------------------------------

--
-- Table structure for table `server_chat_logs`
--

CREATE TABLE `server_chat_logs` (
  `ID` int(11) NOT NULL,
  `PlayerSQLID` int(11) NOT NULL,
  `Text` varchar(256) NOT NULL,
  `Date` timestamp NOT NULL DEFAULT current_timestamp() ON UPDATE current_timestamp()
) ENGINE=InnoDB DEFAULT CHARSET=utf8mb4 COLLATE=utf8mb4_general_ci;

--
-- Dumping data for table `server_chat_logs`
--

INSERT INTO `server_chat_logs` (`ID`, `PlayerSQLID`, `Text`, `Date`) VALUES
(1, 1, 'adsadsa', '2021-09-19 21:13:42'),
(2, 1, 'y', '2021-09-22 19:43:21'),
(3, 1, '.', '2021-09-25 20:55:20'),
(4, 1, 'b', '2021-09-25 21:11:53'),
(5, 1, 'saadsadsad', '2021-09-25 21:11:55'),
(6, 1, 'bu', '2021-09-25 21:11:55'),
(7, 1, 'bun', '2021-09-25 21:11:56'),
(8, 1, ' ', '2021-09-25 22:41:33'),
(9, 1, '  ', '2021-09-25 22:41:34'),
(10, 1, '          ', '2021-09-25 22:41:36'),
(11, 1, 's', '2021-09-25 22:41:37'),
(12, 1, 's', '2021-09-25 22:41:39'),
(13, 1, 's', '2021-09-25 22:41:40'),
(14, 1, 's', '2021-09-25 22:41:40'),
(15, 1, 's', '2021-09-25 22:41:40'),
(16, 1, 's', '2021-09-25 22:41:41'),
(17, 1, 's', '2021-09-25 22:41:41'),
(18, 1, 's', '2021-09-25 22:41:48'),
(19, 1, 'ss', '2021-09-25 22:41:50'),
(20, 1, 'sss', '2021-09-25 22:41:51'),
(21, 1, 'sss', '2021-09-25 22:41:55'),
(22, 1, 'sssss', '2021-09-25 22:41:57'),
(23, 1, 'sssdsad', '2021-09-25 22:42:00'),
(24, 1, 'ssad', '2021-09-25 22:42:01'),
(25, 1, 'ssads', '2021-09-25 22:42:02'),
(26, 1, ' .', '2021-09-25 22:45:45'),
(27, 1, 's', '2021-09-25 22:45:54'),
(28, 1, 's', '2021-09-25 22:46:04'),
(29, 1, 's', '2021-09-25 22:46:08'),
(30, 1, 'dsadasdsadad', '2021-09-28 14:51:04'),
(31, 1, 's', '2021-09-28 19:23:54'),
(32, 1, 'asdadsad', '2021-09-28 19:23:57'),
(33, 1, 'sdasd', '2021-09-28 19:48:19'),
(34, 1, '', '2021-10-03 19:09:15'),
(35, 1, 'sdads', '2021-10-03 19:10:28'),
(36, 1, 'dai g frt', '2021-10-03 19:54:51'),
(37, 1, 'asa respect', '2021-10-03 19:55:07'),
(38, 1, 'a', '2021-10-03 19:57:47'),
(39, 1, '', '2021-10-03 21:46:12'),
(40, 1, '17:30', '2021-10-03 22:16:45'),
(41, 1, '1', '2021-10-05 12:13:53'),
(42, 1, '.', '2021-10-05 12:14:10'),
(43, 1, '1', '2021-10-05 12:22:22'),
(44, 1, 'getseeds', '2021-10-05 12:28:06'),
(45, 1, 'y', '2021-10-05 12:38:34'),
(46, 1, 'y', '2021-10-05 12:39:45'),
(47, 1, '', '2021-10-05 14:30:44'),
(48, 1, '', '2021-10-05 15:56:11'),
(49, 1, 'FLIP', '2021-10-05 16:14:24'),
(50, 1, '', '2021-10-05 20:21:37'),
(51, 1, '', '2021-10-05 20:24:12'),
(52, 1, '', '2021-10-05 21:38:05'),
(53, 1, 's', '2021-10-06 10:36:28'),
(54, 1, 're', '2021-10-07 12:55:45'),
(55, 8, 'sal', '2021-10-07 12:55:49'),
(56, 1, '', '2021-10-07 12:58:57'),
(57, 1, 's', '2021-10-08 20:34:26'),
(58, 1, 't', '2021-10-08 21:01:46'),
(59, 1, 't', '2021-10-08 21:01:56'),
(60, 1, 's', '2021-10-08 22:46:26'),
(61, 1, '', '2021-10-08 23:17:49'),
(62, 1, 'killa fonic', '2021-10-09 00:35:27'),
(63, 1, 's', '2021-10-09 00:52:31'),
(64, 1, 'gotom', '2021-10-11 17:48:00'),
(65, 1, 'fv', '2021-10-11 17:48:19'),
(66, 1, 'f', '2021-10-11 19:23:00'),
(67, 1, 'sstats', '2021-10-11 20:16:05'),
(68, 1, '', '2021-10-13 19:08:10'),
(69, 8, 'da', '2021-10-13 22:04:36'),
(70, 8, 'sa furat matritza', '2021-10-13 22:04:48'),
(71, 1, 's', '2021-10-14 11:15:35'),
(72, 14, '.', '2021-10-14 15:02:52'),
(73, 14, 'help', '2021-10-14 15:35:20'),
(74, 1, 'gps', '2021-10-16 20:25:40'),
(75, 1, 'sadsdasd', '2021-10-16 21:05:25'),
(76, 1, 'sadsdasdt', '2021-10-16 21:05:26'),
(77, 1, 'sadsdasdt ', '2021-10-16 21:05:29'),
(78, 1, 'sadsdasdt  ', '2021-10-16 21:05:30'),
(79, 1, 'sadsdasdt   t', '2021-10-16 21:05:30'),
(80, 1, 'sadsdasdt   t ', '2021-10-16 21:05:32'),
(81, 1, 'sadsdasdt   t  t', '2021-10-16 21:05:32'),
(82, 1, 'sadsdasdt   t  t ', '2021-10-16 21:05:33'),
(83, 1, 'sadsdasdt   t  t ttas', '2021-10-16 21:05:34'),
(84, 1, 'asdasdsadas', '2021-10-16 21:05:36'),
(85, 1, 'dsdada', '2021-10-16 21:05:39'),
(86, 1, 'dsdadat', '2021-10-16 21:05:39'),
(87, 1, 'dsdadatt', '2021-10-16 21:05:40'),
(88, 1, 'dsdadatt', '2021-10-16 21:05:43'),
(89, 1, 'bai', '2021-10-16 21:42:09'),
(90, 1, 'nu mai da /report aiurea', '2021-10-16 21:42:14'),
(91, 1, 's', '2021-10-16 22:03:24'),
(92, 1, 'bai', '2021-10-16 22:58:47'),
(93, 1, '', '2021-10-19 19:46:20'),
(94, 1, 's', '2021-10-19 20:21:52'),
(95, 1, ' /spec, /find, /clothes', '2021-10-19 21:21:17'),
(96, 1, 's', '2021-10-19 21:24:58'),
(97, 1, 's', '2021-10-23 22:22:55'),
(98, 1, '1 + random(1)', '2021-10-23 22:23:08'),
(99, 15, '12', '2021-10-26 00:53:40'),
(100, 1, 'se', '2021-10-26 01:54:40'),
(101, 1, 'f', '2021-10-27 23:21:26'),
(102, 1, '', '2021-10-27 23:22:15'),
(103, 1, 'sstats', '2021-10-27 23:37:04'),
(104, 8, '#', '2021-10-27 23:47:09'),
(105, 8, '#$#', '2021-10-27 23:52:17'),
(106, 1, 'ac', '2021-10-28 01:45:18'),
(107, 1, '.gotob', '2021-10-28 02:36:13'),
(108, 1, 'ok', '2021-10-28 21:29:57'),
(109, 1, 'asa', '2021-10-28 21:57:27'),
(110, 1, 'bun', '2021-10-28 21:57:30'),
(111, 1, 'sdn', '2021-10-28 21:57:31'),
(112, 1, 'sadisaidsoadnsand', '2021-10-28 21:57:41'),
(113, 1, 'asa', '2021-10-28 21:57:44'),
(114, 1, 'asdsadsa', '2021-10-28 21:57:45'),
(115, 1, 'asdsad', '2021-10-28 22:04:02'),
(116, 1, 'sadsadsadsad', '2021-10-28 22:04:03'),
(117, 1, 'asdmksadnsandsandsandisandinsaiodnaiodniwnaidniwoandoint', '2021-10-28 22:04:06'),
(118, 1, 'asdasds', '2021-10-28 22:13:00'),
(119, 1, 'asdnaidnasidnas', '2021-10-28 22:13:12'),
(120, 1, 'adssadasdsad', '2021-10-28 22:13:17'),
(121, 1, 'asd', '2021-10-28 22:20:09'),
(122, 1, 'o', '2021-10-31 20:33:46'),
(123, 1, 's', '2021-10-31 20:33:48'),
(124, 1, '.', '2021-10-31 21:08:35'),
(125, 1, 'g', '2021-10-31 21:16:18'),
(126, 1, 's', '2021-10-31 21:34:52'),
(127, 1, ';awskdsadjpsajpd[sa', '2021-10-31 23:16:34'),
(128, 1, 'pwapdmapdmpam[aw\'dawf', '2021-10-31 23:16:35'),
(129, 1, 'SFUFTUAHSFN', '2021-10-31 23:16:38'),
(130, 1, 'FUTUTI MORTII MA-TII DE SERVER', '2021-10-31 23:16:45'),
(131, 1, 't', '2021-10-31 23:17:48'),
(132, 1, '.', '2021-11-01 00:03:28'),
(133, 1, '.', '2021-11-01 00:33:55'),
(134, 1, 's', '2021-11-01 00:36:21'),
(135, 1, '\\w', '2021-11-02 23:22:50'),
(136, 1, 'sdasdadsa', '2021-11-02 23:39:26'),
(137, 1, '', '2021-11-02 23:47:38'),
(138, 1, 'f', '2021-11-02 23:47:46'),
(139, 1, 'cf', '2021-11-02 23:47:52'),
(140, 1, 'cf frt', '2021-11-02 23:47:59'),
(141, 1, 'ff0000}cf frt', '2021-11-02 23:48:10'),
(142, 1, 'cf frt', '2021-11-02 23:48:13'),
(143, 1, 'cf frt', '2021-11-02 23:48:22'),
(144, 1, 'cf frt ', '2021-11-02 23:48:27'),
(145, 1, 'cf frt {asn1ff}casnidnasidas', '2021-11-02 23:48:30'),
(146, 1, 'cf frt {}ca0ffff}casnidnasidas', '2021-11-02 23:48:40'),
(147, 1, 'cf frt {}ca0ffff}casnidnasidas', '2021-11-02 23:48:43'),
(148, 1, 'cf frt {}ca0ffff}casnidnasidas ', '2021-11-02 23:48:45'),
(149, 1, 's', '2021-11-03 01:56:17'),
(150, 1, '', '2021-11-03 02:01:41'),
(151, 8, 's', '2021-11-04 20:38:09'),
(152, 8, 'cf', '2021-11-04 20:42:23'),
(153, 1, 'stat', '2021-11-04 20:59:39'),
(154, 1, '', '2021-11-04 21:40:51'),
(155, 1, 'cf', '2021-11-05 01:16:27'),
(156, 17, 's', '2021-11-05 02:15:05'),
(157, 1, '.', '2021-11-05 10:42:06'),
(158, 1, '.', '2021-11-05 11:04:35'),
(159, 1, '.', '2021-11-05 12:12:14'),
(160, 1, 's', '2021-11-07 02:52:23'),
(161, 1, 'ia vezi', '2021-11-07 02:54:04'),
(162, 18, 'k', '2021-11-07 02:54:07'),
(163, 1, 'sex shop', '2021-11-07 02:55:21'),
(164, 18, 's', '2021-11-07 14:16:13'),
(165, 1, '.', '2021-11-07 21:02:37'),
(166, 1, '. ', '2021-11-07 21:02:38'),
(167, 1, '.  ', '2021-11-07 21:02:40'),
(168, 1, '. ', '2021-11-07 21:02:41'),
(169, 1, '.', '2021-11-08 22:57:42'),
(170, 1, 's', '2021-11-11 21:06:36'),
(171, 1, 'fv', '2021-11-11 21:12:23'),
(172, 1, ';/d', '2021-11-11 21:12:41'),
(173, 1, 's', '2021-11-13 09:26:32'),
(174, 1, 's', '2021-11-14 10:02:09'),
(175, 1, 'rent', '2021-11-14 10:19:50'),
(176, 1, '.', '2021-11-14 12:22:49'),
(177, 1, 'hi', '2021-11-14 19:33:43'),
(178, 1, 's', '2021-11-14 20:13:59'),
(179, 8, 'of', '2021-11-14 20:39:01'),
(180, 1, '.', '2021-11-16 13:18:12'),
(181, 1, 'mark', '2021-11-16 13:18:43'),
(182, 1, 's', '2021-11-16 13:21:44'),
(183, 1, 'iotel ma', '2021-11-16 13:46:13'),
(184, 1, 'fgm', '2021-11-16 13:46:15'),
(185, 1, 'friends', '2021-11-16 13:48:50'),
(186, 1, 'hai cumpara', '2021-11-16 13:57:47'),
(187, 1, 'pizdosel: 1.752.935.484', '2021-11-16 14:08:41'),
(188, 1, 'pizdosel: 1.752.935.484 | Sancky: 2.190.141.264', '2021-11-16 14:09:12'),
(189, 1, 'pizdosel: 1.752.935.484 | Sancky: 2.190.141.264', '2021-11-16 14:09:39'),
(190, 1, 'pizdosel: 1.752.935.484 | Sancky: 2.190.141.264', '2021-11-16 14:10:41'),
(191, 1, '.', '2021-11-18 22:23:26'),
(192, 1, ',', '2021-11-18 22:23:27'),
(193, 1, 'muue', '2021-11-18 22:23:31'),
(194, 1, 'muje ba', '2021-11-18 22:23:34'),
(195, 1, '#', '2021-11-19 17:53:59'),
(196, 1, '.', '2021-11-19 17:54:20'),
(197, 1, 'ss', '2021-11-19 17:54:22'),
(198, 1, 'cscs', '2021-11-19 17:54:39'),
(199, 1, '.', '2021-11-19 17:54:48'),
(200, 1, '.ss', '2021-11-19 17:54:50'),
(201, 1, '...', '2021-11-19 17:54:51'),
(202, 1, '...', '2021-11-19 17:54:55'),
(203, 1, '...', '2021-11-19 17:55:01'),
(204, 1, '...', '2021-11-19 17:55:06'),
(205, 1, 'plm', '2021-11-20 00:14:40'),
(206, 8, 'asa', '2021-11-20 00:14:59'),
(207, 1, 's', '2021-11-20 00:19:07'),
(208, 1, '500', '2021-11-20 12:14:36'),
(209, 1, 's', '2021-11-20 21:32:10'),
(210, 1, 'mil sugio', '2021-11-28 20:57:39'),
(211, 1, 'ssatsatss', '2021-11-28 20:57:54'),
(212, 1, 'pula', '2021-11-28 20:59:05'),
(213, 1, 'plmw', '2021-11-28 21:01:44'),
(214, 1, 's', '2021-11-28 21:03:09'),
(215, 1, 'a ksd ka d', '2021-11-28 21:04:01'),
(216, 1, 'asdmoadnoamdaodoadaomdoadmaodmoamdoamdoamdoamdoamodao', '2021-11-28 21:13:12'),
(217, 1, 's', '2021-11-28 21:19:43'),
(218, 1, 's', '2021-11-28 21:22:29'),
(219, 1, 's', '2021-11-28 21:23:12'),
(220, 1, 's', '2021-11-28 21:23:24'),
(221, 1, 's', '2021-11-28 22:35:14'),
(222, 1, 's', '2021-11-28 22:35:17'),
(223, 1, 's t', '2021-11-28 22:35:18'),
(224, 1, 's t t', '2021-11-28 22:35:21'),
(225, 1, 's t t ', '2021-11-28 22:35:22'),
(226, 1, 's t t  ', '2021-11-28 22:35:23'),
(227, 1, 's t t   ', '2021-11-28 22:35:24'),
(228, 1, 's t t    ', '2021-11-28 22:35:25'),
(229, 1, 's t t     ', '2021-11-28 22:35:25'),
(230, 1, 'isnanfloat', '2021-11-28 22:35:37'),
(231, 1, 'cpu usage 1.3', '2021-11-28 22:35:54'),
(232, 1, 'ma mir', '2021-11-28 22:35:55'),
(233, 1, 'pl', '2021-11-28 22:36:47'),
(234, 1, 'plm', '2021-11-28 22:36:48'),
(235, 1, 's', '2021-11-28 22:36:50'),
(236, 1, 'www', '2021-11-28 22:36:51'),
(237, 1, 'a', '2021-11-28 22:36:55'),
(238, 1, 'atass', '2021-11-28 22:37:31'),
(239, 1, 's', '2021-11-28 22:38:25'),
(240, 1, 's', '2021-11-28 22:39:02'),
(241, 1, 'brb', '2021-11-28 22:40:05'),
(242, 1, 's', '2021-11-28 23:04:20'),
(243, 1, 's', '2021-11-28 23:20:46'),
(244, 1, 's', '2021-11-28 23:39:42'),
(245, 1, 's', '2021-11-28 23:44:31'),
(246, 1, 'muie', '2021-11-28 23:44:33'),
(247, 1, 's', '2021-11-28 23:45:28'),
(248, 1, 's', '2021-11-28 23:53:18'),
(249, 1, 's', '2021-11-28 23:54:03'),
(250, 1, 's', '2021-11-28 23:56:10'),
(251, 1, 'gotojob', '2021-11-28 23:56:33'),
(252, 1, 'lets seeee', '2021-11-29 00:10:53'),
(253, 1, 's', '2021-11-29 00:56:29'),
(254, 1, 'ts', '2021-11-29 00:58:06'),
(255, 1, 'ts ', '2021-11-29 00:58:09'),
(256, 1, 'ts  ', '2021-11-29 00:58:09'),
(257, 1, 'ts   ', '2021-11-29 00:58:10'),
(258, 1, 'ts  ', '2021-11-29 00:58:10'),
(259, 1, 'ts ', '2021-11-29 00:58:13'),
(260, 1, 'r', '2021-11-29 01:02:55'),
(261, 1, 'gp', '2021-11-29 01:49:46'),
(262, 1, '.stats', '2021-11-30 23:12:40'),
(263, 1, 'pula', '2021-12-01 21:20:30'),
(264, 1, 'snt drogat man', '2021-12-01 21:20:34'),
(265, 1, 'snt drogat man ', '2021-12-01 21:20:35'),
(266, 1, 'snt drogat man  t', '2021-12-01 21:20:35'),
(267, 1, 'snt drogat man  t ', '2021-12-01 21:20:36'),
(268, 1, 'snt drogat man  t  ', '2021-12-01 21:20:37'),
(269, 1, 'snt drogat man  t   ', '2021-12-01 21:20:37'),
(270, 1, 'bine bos ai tupeu ai orgoliu', '2021-12-01 21:20:50'),
(271, 1, 'omg', '2021-12-01 21:30:21'),
(272, 1, 'stats', '2021-12-10 20:39:36'),
(273, 1, 'sadsad', '2021-12-10 21:16:29'),
(274, 1, 'stats', '2021-12-10 22:00:53'),
(275, 1, 's', '2021-12-11 22:20:03'),
(276, 1, 'ansdandisand', '2021-12-11 22:39:11'),
(277, 1, 'mil sugio', '2021-12-11 22:39:12'),
(278, 1, 's', '2021-12-11 22:44:01'),
(279, 1, 'a', '2021-12-11 22:44:05'),
(280, 1, 's]', '2021-12-11 22:46:23'),
(281, 1, 'asa', '2021-12-11 22:46:25'),
(282, 1, 'bao', '2021-12-11 23:29:05'),
(283, 1, 'bai', '2021-12-11 23:29:06'),
(284, 1, 'ce servar este asta futemas in el', '2021-12-11 23:29:11'),
(285, 1, 'ca e prost', '2021-12-11 23:29:14'),
(286, 1, 'haida', '2021-12-11 23:37:53'),
(287, 1, 'muie', '2021-12-11 23:42:42'),
(288, 1, 'f;y', '2021-12-12 02:03:42'),
(289, 1, 's', '2021-12-12 02:25:34'),
(290, 1, 's', '2021-12-19 21:10:47'),
(291, 1, 'no bun', '2021-12-19 21:11:02'),
(292, 1, 'good', '2021-12-19 21:11:44'),
(293, 1, 'sdasad', '2021-12-20 01:28:01'),
(294, 1, 's', '2021-12-20 01:31:01'),
(295, 1, 's', '2021-12-20 01:32:11'),
(296, 1, 's', '2021-12-20 01:52:59'),
(297, 20, 'nice', '2021-12-20 02:20:10'),
(298, 1, 'muie', '2021-12-20 02:22:34'),
(299, 1, '.oaub', '2021-12-26 22:17:31'),
(300, 1, 'sdad', '2021-12-28 19:20:16'),
(301, 1, '81.183410 Y UP', '2021-12-28 19:28:35'),
(302, 1, '81.183410 Y UP | 327.183410 Y DOWN | 163.819244 X LEFT | 490.819244 X RIGHT', '2021-12-28 19:31:28'),
(303, 1, './f', '2021-12-28 20:34:05'),
(304, 1, 'JSDAJJDJASJDJADJAJDJAJJDJAJDJAJDJAJDJAJJDJAJDJAJDJAJDJAJD', '2021-12-28 21:01:51'),
(305, 1, 'haidan mortii tei', '2021-12-28 21:03:05'),
(306, 1, 'sssdadsadsa', '2021-12-28 21:58:43'),
(307, 1, 'acc', '2021-12-28 21:58:46'),
(308, 1, 'snak', '2021-12-28 22:44:42'),
(309, 1, 's', '2021-12-28 23:48:47'),
(310, 1, 'sdmasdmalmda', '2021-12-29 14:18:18'),
(311, 1, 's', '2021-12-29 14:44:02'),
(312, 1, 'best practices coding - Sancky ', '2021-12-29 15:49:10'),
(313, 1, 'test in pula mea', '2021-12-29 23:54:31'),
(314, 1, 'mdfk', '2021-12-29 23:59:41'),
(315, 8, '.stats', '2022-01-13 20:42:23'),
(316, 8, 't/stats', '2022-01-13 20:42:24'),
(317, 1, 'rentro', '2022-01-13 21:29:25'),
(318, 1, 'buy', '2022-01-15 22:30:17'),
(319, 1, ';/stat', '2022-01-21 21:50:26'),
(320, 1, 'stats', '2022-01-21 21:50:26'),
(321, 1, 'zi', '2022-01-21 22:07:58'),
(322, 1, 'preteni', '2022-01-21 22:11:01'),
(323, 1, 'iazui', '2022-01-21 22:11:02'),
(324, 1, 's', '2022-01-21 22:38:00'),
(325, 1, 's', '2022-01-21 22:42:38'),
(326, 1, 's', '2022-01-21 22:43:38'),
(327, 1, 's', '2022-01-21 22:44:34'),
(328, 1, 'a', '2022-01-21 22:47:09'),
(329, 1, 's', '2022-01-21 22:48:05'),
(330, 1, 't/', '2022-01-21 22:48:52'),
(331, 1, 'a', '2022-01-21 22:49:46'),
(332, 1, 'a', '2022-01-21 22:52:03'),
(333, 1, 'a', '2022-01-21 22:52:19'),
(334, 1, 'sarar', '2022-01-21 22:55:13'),
(335, 1, 'a', '2022-01-21 22:59:00'),
(336, 1, 'a', '2022-01-21 23:02:15'),
(337, 1, 'a', '2022-01-21 23:03:57'),
(338, 1, 'a', '2022-01-21 23:06:01'),
(339, 1, 'a', '2022-01-21 23:06:59'),
(340, 1, 'a', '2022-01-21 23:07:05'),
(341, 1, 'a', '2022-01-21 23:08:24'),
(342, 1, 'asdad', '2022-01-21 23:09:59'),
(343, 1, 'a', '2022-01-21 23:10:05'),
(344, 1, 'as', '2022-01-21 23:11:59'),
(345, 1, 'stats', '2022-01-29 19:40:49'),
(346, 1, '', '2022-01-29 20:11:39'),
(347, 1, 'stats', '2022-02-02 20:53:51'),
(348, 1, 's', '2022-02-04 23:54:20'),
(349, 1, 's', '2022-02-08 13:48:06'),
(350, 1, 'ma faci', '2022-02-18 19:53:50'),
(351, 1, 'sa strig dupa tn', '2022-02-18 19:53:53'),
(352, 1, 'ai datorie la mineeee', '2022-02-18 19:53:57'),
(353, 1, 'ai la mn o datorie', '2022-02-18 19:54:02'),
(354, 1, 'toata dragostea ta mie', '2022-02-18 19:54:09'),
(355, 1, 's', '2022-02-18 20:43:27'),
(356, 1, 'hakde dnsakndkadsad', '2022-02-18 23:48:08'),
(357, 1, '2323.8700, -1646.14, 14.74, 180.00, 0.00, 0.00', '2022-02-20 00:20:02'),
(358, 1, 's', '2022-02-20 15:00:59'),
(359, 1, 's', '2022-02-20 15:57:45'),
(360, 1, '1', '2022-02-20 16:21:13'),
(361, 1, 'stats', '2022-02-25 23:03:18'),
(362, 1, 'stats', '2022-02-25 23:20:02'),
(363, 1, 's', '2022-02-25 23:23:13'),
(364, 1, 'noice', '2022-02-25 23:30:15'),
(365, 1, 'sal', '2022-02-25 23:30:41'),
(366, 1, 'gg', '2022-02-25 23:37:32'),
(367, 1, 'muie', '2022-02-28 14:22:35'),
(368, 1, 'svu asta duce mia', '2022-02-28 14:22:38'),
(369, 1, '.', '2022-02-28 14:32:13'),
(370, 1, 'muie\'', '2022-02-28 14:35:21'),
(371, 1, 'sdads', '2022-02-28 14:36:22'),
(372, 1, 'muie', '2022-03-05 00:38:16'),
(373, 1, 'asdsa', '2022-03-05 14:08:56'),
(374, 1, 's', '2022-03-05 14:22:49'),
(375, 1, 'a', '2022-03-11 23:27:12'),
(376, 1, 'f', '2022-03-11 23:30:07'),
(377, 1, 's', '2022-03-12 21:56:36'),
(378, 1, 'ez', '2022-03-12 21:56:42'),
(379, 1, 's', '2022-03-14 12:22:06'),
(380, 1, 'minx, miny', '2022-03-14 14:14:23'),
(381, 1, 'maxx', '2022-03-14 14:14:36'),
(382, 1, 'quests', '2022-03-19 02:03:06'),
(383, 1, 'muie', '2022-03-20 15:02:33'),
(384, 8, 'sadsa', '2022-03-20 15:18:38'),
(385, 1, './', '2022-03-20 16:04:05'),
(386, 1, 'super dick', '2022-03-20 17:07:08'),
(387, 1, 'omg', '2022-03-20 19:47:41'),
(388, 1, 's', '2022-03-20 20:39:03'),
(389, 8, 'ba', '2022-03-20 21:01:57'),
(390, 1, 's', '2022-03-21 13:54:39'),
(391, 1, 'g', '2022-03-21 14:08:21'),
(392, 1, '.duel', '2022-03-21 14:37:40'),
(393, 1, 's', '2022-03-21 14:38:01'),
(394, 1, 'adsads', '2022-03-21 14:38:03'),
(395, 8, '.stats', '2022-03-21 14:45:37'),
(396, 8, 'sync', '2022-03-21 14:49:44'),
(397, 1, 'stats', '2022-03-22 19:04:36'),
(398, 1, '\'fpy\\', '2022-03-22 19:29:47'),
(399, 8, 'sdads', '2022-03-22 19:30:42'),
(400, 1, 'del', '2022-03-22 20:47:16'),
(401, 1, 'sa', '2022-03-22 22:01:00'),
(402, 1, 's', '2022-03-23 13:25:52'),
(403, 8, 's', '2022-03-23 13:27:48'),
(404, 1, 's', '2022-03-26 00:38:28'),
(405, 1, 'adsadasdsa', '2022-03-26 00:38:29'),
(406, 1, 'nasndoandsoandonaondoa', '2022-03-26 00:38:32'),
(407, 1, 'd', '2022-03-26 00:44:34'),
(408, 1, 'muie', '2022-03-26 00:44:58'),
(409, 1, 's', '2022-03-26 00:51:11'),
(410, 1, 's', '2022-03-26 00:59:44'),
(411, 1, 'respekt', '2022-04-01 20:31:38'),
(412, 1, './stats', '2022-04-01 20:31:41'),
(413, 1, 's', '2022-04-01 20:43:32'),
(414, 1, 'tare', '2022-04-01 20:50:27'),
(415, 1, 's', '2022-04-08 22:58:36'),
(416, 1, 'ahdsiadiasdi', '2022-04-08 22:58:38'),
(417, 1, 'sademp', '2022-04-08 22:58:39'),
(418, 1, 'ahaha', '2022-04-08 22:58:41'),
(419, 1, 'sal', '2022-04-08 23:03:58'),
(420, 1, 'svars', '2022-04-08 23:19:30'),
(421, 1, 's', '2022-04-08 23:19:45'),
(422, 1, 's ', '2022-04-08 23:19:46'),
(423, 1, 's  ', '2022-04-08 23:19:47'),
(424, 1, 's   ', '2022-04-08 23:19:47'),
(425, 1, 's', '2022-04-08 23:19:49'),
(426, 1, 's', '2022-04-08 23:19:51'),
(427, 1, 's', '2022-04-08 23:19:52'),
(428, 1, 's', '2022-04-08 23:19:53'),
(429, 1, 's', '2022-04-08 23:19:54'),
(430, 1, 's', '2022-04-08 23:20:13'),
(431, 1, 's', '2022-04-08 23:20:16'),
(432, 1, 's', '2022-04-08 23:20:19'),
(433, 1, 'stangu n fata pieptun fata mers de rata', '2022-04-08 23:32:02'),
(434, 1, 'stas', '2022-04-13 21:48:49'),
(435, 1, '.fky', '2022-04-14 22:19:17'),
(436, 1, 'v', '2022-04-15 21:28:41'),
(437, 1, 'w', '2022-04-15 22:07:34'),
(438, 1, 'fly', '2022-04-15 22:46:56'),
(439, 1, 'ia frt masina', '2022-04-16 20:29:08'),
(440, 8, 'v', '2022-04-16 20:34:25'),
(441, 8, 'you mf', '2022-04-16 20:34:30'),
(442, 8, 'bagami masini personale ca te ia mama', '2022-04-16 20:34:46'),
(443, 1, 'v', '2022-04-16 22:51:53'),
(444, 1, 'w', '2022-04-16 23:41:01'),
(445, 1, 's', '2022-04-19 20:02:53'),
(446, 1, 's', '2022-04-19 20:03:03'),
(447, 1, 'a', '2022-04-19 20:03:04'),
(448, 1, 's', '2022-04-19 20:04:54'),
(449, 1, 's', '2022-04-20 20:37:11'),
(450, 1, 'adsadsandsadn', '2022-04-20 20:37:13'),
(451, 1, 'adsadsandsadn ', '2022-04-20 20:37:14'),
(452, 1, 'adsadsandsadn  t', '2022-04-20 20:37:14'),
(453, 1, 's', '2022-04-21 21:16:52'),
(454, 1, 's', '2022-04-21 21:18:16'),
(455, 1, 's', '2022-04-21 21:21:07'),
(456, 1, 's', '2022-04-21 22:58:59'),
(457, 1, 'f', '2022-04-21 23:35:52'),
(458, 1, 's', '2022-04-22 20:37:28'),
(459, 1, 'cmon', '2022-04-22 21:43:16'),
(460, 1, ';/park', '2022-04-22 22:44:35'),
(461, 1, '245', '2022-04-22 23:21:59'),
(462, 1, '220', '2022-04-22 23:22:02'),
(463, 1, 'huh', '2022-04-22 23:33:52'),
(464, 1, 's', '2022-04-23 21:02:05'),
(465, 1, 'v', '2022-04-25 21:48:14'),
(466, 1, 'v/', '2022-04-25 22:45:40'),
(467, 1, '17', '2022-04-25 22:58:29'),
(468, 1, '10 - listitem', '2022-04-25 22:59:09'),
(469, 1, '\'v\\\\', '2022-04-25 23:10:07'),
(470, 1, 'pagina 1: 0, pagina 2: 10, pagina 3: 20, pagina 4: 30, pagina 5: 40', '2022-04-26 20:40:18'),
(471, 1, 'pagina 1: 0, pagina 2: 10, pagina 3: 20, pagina 4: 30, pagina 5: 40', '2022-04-26 20:42:56'),
(472, 1, '-', '2022-04-26 21:15:36'),
(473, 22, 's', '2022-04-27 14:30:06'),
(474, 1, 'muie.', '2022-04-27 23:37:46'),
(475, 1, 'muie. ', '2022-04-27 23:37:53'),
(476, 1, 'muie.    ', '2022-04-27 23:37:56'),
(477, 1, 'dsandiasndinasidnsaindan', '2022-04-27 23:38:08'),
(478, 1, 'nsidnaisndisaid', '2022-05-06 21:47:20'),
(479, 1, 'asodnoasndonsaodn', '2022-05-06 21:47:21'),
(480, 1, 'asodnoasndonsaodn ', '2022-05-06 21:47:23'),
(481, 1, 'asodnoasndonsaodn  ', '2022-05-06 21:47:23'),
(482, 1, 'asodnoasndonsaodn   ', '2022-05-06 21:47:24'),
(483, 1, 'asodnoasndonsaodn    ', '2022-05-06 21:47:24'),
(484, 1, 'asodnoasndonsaodn     ', '2022-05-06 21:47:29'),
(485, 1, 'asodnoasndonsaodn      ', '2022-05-06 21:47:30'),
(486, 1, 'asodnoasndonsaodn       ', '2022-05-06 21:47:31'),
(487, 1, 'asodnoasndonsaodn        t', '2022-05-06 21:47:31'),
(488, 1, 'asodnoasndonsaodn        t ', '2022-05-06 21:47:32'),
(489, 1, 'asodnoasndonsaodn        t  \\', '2022-05-06 21:47:34'),
(490, 1, 'asodnoasndonsaodn        t  \\ ', '2022-05-06 21:47:34'),
(491, 1, 'asodnoasndonsaodn        t  \\  ', '2022-05-06 21:47:35'),
(492, 1, 'asodnoasndonsaodn        t  \\  \'', '2022-05-06 21:47:37'),
(493, 1, 'asodnoasndonsaodn        t  \\  \' ', '2022-05-06 21:47:37'),
(494, 1, 'asodnoasndonsaodn        t  \\  \' \'#e\'', '2022-05-06 21:47:40'),
(495, 1, 'asodnoasndonsaodn        t  \\  \' \'#e\' ', '2022-05-06 21:47:40'),
(496, 1, 'asodnoasndonsaodn        t  \\  \' \'#e\'  ', '2022-05-06 21:47:41'),
(497, 1, 'asodnoasndonsaodn        t  \\  \' \'#e\'   ', '2022-05-06 21:47:42'),
(498, 1, 'asodnoasndonsaodn        t  \\  \' \'#e\'    ', '2022-05-06 21:47:43'),
(499, 1, 'asodnoasndonsaodn        t  \\  \' \'#e\'     ', '2022-05-06 21:47:43'),
(500, 1, 'asodnoasndonsaodn        t  \\  \' \'#e\'      ', '2022-05-06 21:47:44'),
(501, 1, 'asodnoasndonsaodn        t  \\  \' \'#e\'       ', '2022-05-06 21:47:45'),
(502, 1, 'asodnoasndonsaodn        t  \\  \' \'#e\'        ', '2022-05-06 21:47:45'),
(503, 1, 'asodnoasndonsaodn        t  \\  \' \'#e\'         ', '2022-05-06 21:47:46'),
(504, 1, 'asodnoasndonsaodn        t  \\  \' \'#e\'          ', '2022-05-06 21:47:47'),
(505, 1, 'mda', '2022-05-23 13:18:11'),
(506, 1, 's', '2022-05-23 13:32:49'),
(507, 1, '\\', '2022-07-03 22:01:33'),
(508, 1, 'asd', '2022-07-04 00:05:18'),
(509, 1, 'dw', '2022-07-04 00:07:23'),
(510, 1, ';/', '2022-07-05 21:14:35'),
(511, 24, 'sdads', '2022-07-10 22:58:54'),
(512, 1, 'god', '2022-07-11 00:40:15'),
(513, 1, 'good', '2022-07-11 00:40:19'),
(514, 1, 'f;y', '2022-07-13 22:00:13'),
(515, 1, 'dammm', '2022-07-13 22:04:11'),
(516, 1, '.v', '2022-07-29 23:27:40'),
(517, 1, './flip', '2022-07-30 22:15:02'),
(518, 1, '5', '2022-07-30 22:57:46'),
(519, 1, 's/', '2022-07-30 23:00:25'),
(520, 1, '\\v', '2022-07-31 00:41:29'),
(521, 1, '\\v', '2022-07-31 00:41:32'),
(522, 1, '.v', '2022-07-31 20:00:17'),
(523, 1, '.vt', '2022-07-31 20:00:21'),
(524, 1, 'mam sinucis!', '2022-07-31 20:43:56'),
(525, 1, 'bani bani bani', '2022-07-31 20:46:12'),
(526, 1, '', '2022-07-31 21:05:52'),
(527, 1, '', '2022-08-01 21:23:02'),
(528, 1, '40:05', '2022-08-02 21:40:20'),
(529, 1, 'sd', '2022-08-03 20:49:09'),
(530, 1, 'dsad', '2022-08-04 20:25:28'),
(531, 1, 'das', '2022-08-04 20:25:30'),
(532, 1, 'adsadasdada', '2022-08-04 20:25:32'),
(533, 1, 'adsda', '2022-08-04 20:28:14'),
(534, 1, 'bag pulan mata', '2022-08-04 23:50:59'),
(535, 1, 'd;', '2022-08-05 12:00:38'),
(536, 1, 'v', '2022-08-05 12:32:37'),
(537, 1, 'fv', '2022-08-05 12:43:36'),
(538, 1, '.fly', '2022-08-05 21:35:17'),
(539, 1, '.v', '2022-08-06 20:05:16'),
(540, 8, 'dap', '2022-08-11 12:34:41'),
(541, 1, 'Ananas123', '2022-08-11 15:35:47'),
(542, 1, '04LrsG', '2022-08-11 15:41:10'),
(543, 1, 'issks', '2022-08-11 15:53:03'),
(544, 25, 'misaptans', '2022-08-11 16:31:22'),
(545, 1, 'ded', '2022-08-12 14:17:52'),
(546, 1, 'hi', '2022-08-13 00:06:26'),
(547, 8, 'cf', '2022-08-13 00:06:31'),
(548, 1, 's', '2022-08-13 00:06:45'),
(549, 1, 'asda', '2022-08-13 00:07:34'),
(550, 1, 'llasdl', '2022-08-13 00:07:36'),
(551, 1, 'setworldtime ', '2022-08-13 00:36:48'),
(552, 1, 'bun', '2022-08-13 01:00:17'),
(553, 1, '....', '2022-08-13 01:06:59'),
(554, 1, 'd', '2022-08-13 01:07:01'),
(555, 1, 'f', '2022-08-13 01:07:03'),
(556, 1, '....', '2022-08-13 01:09:21'),
(557, 1, 'very nice!', '2022-08-13 01:15:15'),
(558, 1, 'mss', '2022-08-13 02:00:12'),
(559, 1, 'kd', '2022-08-13 02:00:13'),
(560, 1, 'kx', '2022-08-13 02:00:14'),
(561, 1, 'ox', '2022-08-13 02:00:15'),
(562, 1, 'sjjsjs', '2022-08-13 12:30:47'),
(563, 1, '!', '2022-08-13 13:23:28'),
(564, 1, '.', '2022-08-13 13:27:15'),
(565, 1, 'df', '2022-08-13 13:27:17'),
(566, 1, 'ggg', '2022-08-13 13:27:18'),
(567, 1, 'kk', '2022-08-13 13:27:20'),
(568, 1, 'muie', '2022-08-13 17:12:48'),
(569, 1, '0', '2022-08-13 17:14:13'),
(570, 1, 'n-am timp pt ea da timpu trece', '2022-08-13 20:48:39'),
(571, 1, 'bun', '2022-08-13 21:06:11'),
(572, 1, 'shit', '2022-08-14 19:45:29'),
(573, 1, '', '2022-08-14 19:46:59'),
(574, 1, 'bagamiasi pulan mata', '2022-08-14 19:48:11'),
(575, 1, 'v', '2022-08-14 20:00:19'),
(576, 1, '[$)$', '2022-08-14 23:56:02'),
(577, 1, 'cmooon', '2022-08-15 22:21:18'),
(578, 1, '.', '2022-08-16 00:23:22'),
(579, 1, '.', '2022-08-16 00:24:10'),
(580, 1, 'mm.', '2022-08-16 00:25:14'),
(581, 1, '.', '2022-08-16 00:40:35'),
(582, 1, '..', '2022-08-16 00:41:16'),
(583, 1, '.', '2022-08-16 00:41:17'),
(584, 1, '###', '2022-08-16 00:43:30'),
(585, 1, '?', '2022-08-16 00:43:38'),
(586, 1, 'good', '2022-08-16 00:44:44'),
(587, 1, 'v', '2022-08-16 13:53:06'),
(588, 1, 'p', '2022-08-16 18:35:48'),
(589, 1, 'fv', '2022-08-16 18:50:21'),
(590, 1, ' a', '2022-08-16 23:26:23'),
(591, 8, 'cf', '2022-08-16 23:34:37'),
(592, 1, 'bn', '2022-08-16 23:34:42'),
(593, 8, 'rezolva', '2022-08-16 23:38:15'),
(594, 1, 's', '2022-08-16 23:44:09'),
(595, 1, 'ds', '2022-08-16 23:44:10'),
(596, 1, 'g', '2022-08-16 23:44:13'),
(597, 1, 'dsadasd', '2022-08-16 23:44:15'),
(598, 1, 'dsadasd ', '2022-08-16 23:44:15'),
(599, 1, 'dsadasd  ', '2022-08-16 23:44:15'),
(600, 1, 'dsadasd   ', '2022-08-16 23:44:16'),
(601, 1, 'dsadasd    ', '2022-08-16 23:44:16'),
(602, 1, 'dsadasd     ', '2022-08-16 23:44:17'),
(603, 1, 'dsadasd      ', '2022-08-16 23:44:17'),
(604, 1, 'dsadasd       ', '2022-08-16 23:44:18'),
(605, 1, 'dsadasd        ', '2022-08-16 23:44:18'),
(606, 1, 'dsadasd         ', '2022-08-16 23:44:19'),
(607, 1, 'dsadasd          ', '2022-08-16 23:44:19'),
(608, 1, 'dsadasd           ', '2022-08-16 23:44:20'),
(609, 1, 'dsadasd            ', '2022-08-16 23:44:20'),
(610, 1, 'dsadasd             ', '2022-08-16 23:44:21'),
(611, 1, 'asa', '2022-08-16 23:44:23'),
(612, 31, 's', '2022-08-17 23:27:10'),
(613, 31, 'hud', '2022-08-17 23:27:20'),
(614, 32, 'helo', '2022-08-17 23:31:08'),
(615, 32, 'cf', '2022-08-17 23:31:11'),
(616, 32, 'bn tu', '2022-08-17 23:31:13'),
(617, 32, 'muie', '2022-08-17 23:31:14'),
(618, 32, 'sati trag muie mane', '2022-08-17 23:31:20'),
(619, 32, 'bun svu', '2022-08-17 23:31:34'),
(620, 33, 'clre,t', '2022-08-17 23:34:57'),
(621, 33, 'corekt', '2022-08-17 23:34:59'),
(622, 1, 'fv', '2022-08-18 10:51:47'),
(623, 37, 'stats', '2022-08-18 11:05:05'),
(624, 1, 'ok', '2022-08-19 21:44:32'),
(625, 1, 'muie', '2022-08-19 21:49:43'),
(626, 1, 's', '2022-08-19 21:52:35'),
(627, 1, 'ajsdjadsjad', '2022-08-19 21:52:44'),
(628, 1, 'ajsdjadsjad asda', '2022-08-19 21:52:45'),
(629, 1, 'mda', '2022-08-19 21:53:12'),
(630, 1, 'dai', '2022-08-20 00:36:44'),
(631, 1, 'c', '2022-08-20 02:52:37'),
(632, 1, 'muita la coita', '2022-08-20 18:42:55'),
(633, 1, '.v', '2022-08-20 23:12:39'),
(634, 1, 'sdasd', '2022-08-20 23:12:50'),
(635, 1, 'd', '2022-08-20 23:34:42'),
(636, 1, 'all i need', '2022-08-20 23:36:44'),
(637, 1, 'is a love', '2022-08-20 23:36:45'),
(638, 1, 'tonight', '2022-08-20 23:36:47'),
(639, 1, 'cmon', '2022-08-20 23:36:54'),
(640, 1, 'un numar cu 1 coaie', '2022-08-20 23:36:59'),
(641, 1, 'bye', '2022-08-20 23:44:29'),
(642, 1, 'omg', '2022-08-21 20:22:40'),
(643, 1, 'am picat', '2022-08-21 20:22:42'),
(644, 1, 'din cer', '2022-08-21 20:22:44'),
(645, 1, '#', '2022-08-21 20:25:18'),
(646, 1, 'bai pula', '2022-08-21 20:25:22'),
(647, 1, 'asa', '2022-08-21 20:26:12'),
(648, 1, 'morti', '2022-08-21 20:26:15'),
(649, 1, 'mati', '2022-08-21 20:26:16'),
(650, 1, 'k te bat', '2022-08-21 20:26:21'),
(651, 1, 'smr afm', '2022-08-21 20:26:23'),
(652, 1, 'brb', '2022-08-21 20:26:29'),
(653, 1, '.em', '2022-08-21 20:27:15'),
(654, 1, 'helo', '2022-08-21 23:05:21'),
(655, 1, 'cf', '2022-08-21 23:05:28'),
(656, 8, 'bn', '2022-08-21 23:05:32'),
(657, 1, 'ok', '2022-08-21 23:05:34'),
(658, 1, '.', '2022-08-21 23:06:13'),
(659, 1, '8951500004', '2022-08-21 23:10:03'),
(660, 1, 'dsad', '2022-08-22 00:03:34'),
(661, 1, 'bun', '2022-08-22 00:09:49'),
(662, 1, 'mg totu', '2022-08-22 00:09:50'),
(663, 1, 'bn', '2022-08-22 00:09:51'),
(664, 1, 'pa', '2022-08-22 00:09:51'),
(665, 1, 'brb', '2022-08-22 00:11:07'),
(666, 8, 'helo', '2022-08-22 01:06:46'),
(667, 1, 'exam', '2022-08-22 01:17:47'),
(668, 1, 'exam', '2022-08-22 01:18:36'),
(669, 1, 'sss', '2022-08-22 15:46:09'),
(670, 1, 'v', '2022-08-22 16:05:59'),
(671, 1, 'oo sla', '2022-08-23 20:39:04'),
(672, 1, 'sla', '2022-08-23 20:39:06'),
(673, 1, 'sal', '2022-08-23 20:39:07'),
(674, 1, 'dmnle', '2022-08-23 20:39:09'),
(675, 14, 'v', '2022-08-23 20:55:24'),
(676, 1, 'ceaw', '2022-08-23 20:56:19'),
(677, 1, 'ceawlasdaldsadlaldlsalldsaldlalldlald', '2022-08-23 20:56:23'),
(678, 1, '.', '2022-08-23 20:56:41'),
(679, 1, '\'', '2022-08-24 00:03:39'),
(680, 1, '', '2022-08-24 00:05:54'),
(681, 1, '', '2022-08-24 00:14:34'),
(682, 1, 'f', '2022-08-24 00:34:37'),
(683, 1, '17000', '2022-08-24 00:46:33'),
(684, 1, '22000', '2022-08-24 00:46:40'),
(685, 1, 'hmenu', '2022-08-25 00:44:04'),
(686, 1, 'bmenu', '2022-08-25 00:48:37'),
(687, 1, 'ats', '2022-08-25 22:34:12'),
(688, 1, 'fish', '2022-08-25 22:34:39'),
(689, 1, 'hud', '2022-08-30 21:34:31'),
(690, 1, 'hid', '2022-08-30 22:16:29'),
(691, 1, 'c', '2022-09-22 12:44:10'),
(692, 1, 'asda', '2022-09-22 12:57:31'),
(693, 1, 'ma stie malumaa', '2022-09-23 22:08:44'),
(694, 1, 'pula mea', '2022-09-23 22:08:58'),
(695, 1, ' ', '2022-09-23 22:20:12'),
(696, 1, '   ', '2022-09-23 22:20:13'),
(697, 1, 'c', '2022-09-23 22:21:31'),
(698, 1, ' ', '2022-09-23 22:21:32'),
(699, 1, '   ', '2022-09-23 22:21:33'),
(700, 1, 'v/', '2022-09-23 22:29:07'),
(701, 1, 's', '2022-09-28 20:27:19'),
(702, 1, 's', '2022-10-07 20:29:31'),
(703, 1, 'dniasdnia', '2022-10-07 20:29:37'),
(704, 1, 'adskadkakdsakd ', '2022-10-07 20:29:38'),
(705, 1, 'dniasdniat', '2022-10-07 20:29:39'),
(706, 1, 'dniasdniat ', '2022-10-07 20:29:40'),
(707, 1, 'dniasdniat  ', '2022-10-07 20:29:41'),
(708, 1, 'dniasdniat   ', '2022-10-07 20:29:41'),
(709, 1, 'dniasdniat    t', '2022-10-07 20:29:42'),
(710, 1, 'dniasdniat    t ', '2022-10-07 20:29:43'),
(711, 1, 'dniasdniat    t  ', '2022-10-07 20:29:43'),
(712, 1, 'dniasdniat    t   ', '2022-10-07 20:29:44'),
(713, 1, 'dniasdniat    t    ', '2022-10-07 20:29:44'),
(714, 1, 'dniasdniat    t     ', '2022-10-07 20:29:45'),
(715, 1, 'pula mea', '2022-10-07 20:30:07'),
(716, 1, '\'/stats', '2022-10-10 12:23:29'),
(717, 1, '\'#e\'', '2022-10-10 12:23:34'),
(718, 1, 'sd', '2022-10-10 20:25:43'),
(719, 1, 'mortii si raniti mati', '2022-10-14 22:00:18'),
(720, 1, 'bagaigmsaga', '2022-10-14 22:00:21'),
(721, 1, 'aodoakdosaodkast', '2022-10-14 22:00:23'),
(722, 1, '', '2022-10-14 22:34:27'),
(723, 1, 'okey', '2022-10-14 22:36:12'),
(724, 1, 'tarfo', '2022-10-14 22:36:15'),
(725, 1, 'v', '2022-10-15 00:39:11'),
(726, 1, '.hm', '2022-10-24 23:49:19'),
(727, 1, '.dsa', '2022-10-29 23:52:03'),
(728, 1, '.agk', '2022-12-10 20:52:42'),
(729, 1, 'Stats', '2022-12-10 21:08:30'),
(730, 1, 'muie', '2022-12-12 21:29:14'),
(731, 1, 'muienn curu mati', '2022-12-12 21:29:19'),
(732, 1, 'salut', '2022-12-13 20:55:32'),
(733, 1, 'cf', '2022-12-13 20:55:35'),
(734, 1, 'mane', '2022-12-13 20:55:35'),
(735, 1, 'pizda mati', '2022-12-13 20:55:38'),
(736, 1, 'de fraier', '2022-12-13 20:55:40'),
(737, 1, 'de fraier ', '2022-12-13 20:55:40'),
(738, 1, 'de fraier  ', '2022-12-13 20:55:41'),
(739, 1, 'de fraier   ', '2022-12-13 20:55:41'),
(740, 1, 'de fraier    ', '2022-12-13 20:55:41'),
(741, 1, 'de fraier     ', '2022-12-13 20:55:42'),
(742, 8, 'ati dau ieu', '2022-12-13 22:12:48'),
(743, 1, 'bn ms', '2022-12-13 22:13:10'),
(744, 8, 'nice', '2022-12-15 12:35:39'),
(745, 8, 'good scripter sancky', '2022-12-15 12:35:42'),
(746, 1, 'trade', '2022-12-15 13:20:49'),
(747, 1, '\'st', '2022-12-16 22:41:17'),
(748, 1, 'bun', '2022-12-16 22:48:08'),
(749, 1, 'nice', '2022-12-17 00:14:25'),
(750, 1, 'goooooooood', '2022-12-20 21:48:52'),
(751, 1, 'you mf', '2022-12-20 21:48:53'),
(752, 8, 'yeayayeaya', '2022-12-20 22:14:25'),
(753, 8, 'nice', '2022-12-20 22:37:05'),
(754, 1, 'good', '2022-12-20 22:38:57'),
(755, 1, 't trade', '2022-12-21 23:45:46'),
(756, 8, 'GOOD', '2022-12-22 00:14:09'),
(757, 8, 'ok', '2022-12-22 00:25:01'),
(758, 8, 'ceawwwww', '2022-12-22 00:25:04'),
(759, 1, 'ok', '2022-12-22 13:21:16'),
(760, 8, 'asdsa', '2022-12-22 22:36:39'),
(761, 8, 'good', '2022-12-22 22:51:34'),
(762, 8, 'fkin good', '2022-12-22 22:51:37'),
(763, 1, 'stai asa', '2022-12-22 22:51:48'),
(764, 1, 'sa verific cv', '2022-12-22 22:51:52'),
(765, 8, 'gt', '2022-12-22 22:53:24'),
(766, 1, 'baaaaa', '2022-12-22 23:40:17'),
(767, 1, 'pula mea in gura TA!', '2022-12-22 23:40:26'),
(768, 1, 'uuuuuuuuUUUUuuuu', '2022-12-23 00:52:42'),
(769, 1, 'ai vrea a??', '2022-12-23 00:55:29'),
(770, 1, 'hotule', '2022-12-23 00:55:30'),
(771, 8, 'muie', '2022-12-23 00:57:54'),
(772, 8, 'fraiere', '2022-12-23 00:57:57'),
(773, 1, 'haida cati dau o masina acuma de craciun', '2022-12-23 23:17:07'),
(774, 8, 'ms mul mane', '2022-12-23 23:18:08'),
(775, 8, 'ms mult mane', '2022-12-23 23:20:56'),
(776, 8, 'hai cati dau zr', '2022-12-23 23:22:56'),
(777, 1, 'v', '2022-12-23 23:25:09'),
(778, 8, 'hahaaha', '2022-12-24 13:58:10'),
(779, 1, 'hai cati dau toate vehiculele mele', '2022-12-24 14:04:11'),
(780, 8, 'gt', '2022-12-24 14:05:12'),
(781, 1, 'mmamama', '2022-12-24 14:06:37'),
(782, 1, 'ma lasi fara masini', '2022-12-24 14:06:40'),
(783, 1, 'g[s', '2022-12-29 21:53:35'),
(784, 1, 'wow', '2022-12-29 22:03:49'),
(785, 8, 'muie', '2022-12-29 22:08:40'),
(786, 8, 'muian', '2022-12-29 22:08:42'),
(787, 8, 'de prost ce iesti', '2022-12-29 22:08:45'),
(788, 1, 'ceawt/q', '2022-12-29 22:09:52'),
(789, 1, '.', '2023-01-03 21:05:19'),
(790, 1, '5, 10, 2, 16', '2023-01-03 21:06:09'),
(791, 1, 'my ticket', '2023-01-03 21:06:15'),
(792, 1, 'hahaha', '2023-01-03 21:06:17'),
(793, 1, 'muie', '2023-01-03 21:06:44'),
(794, 1, 'haiden pula mea', '2023-01-03 21:11:04'),
(795, 1, 'lotoule', '2023-01-03 21:11:05'),
(796, 1, 'like a mf', '2023-01-03 23:20:16'),
(797, 1, '20, 25, 11', '2023-01-03 23:20:46'),
(798, 1, '33', '2023-01-03 23:20:49'),
(799, 1, '19', '2023-01-03 23:20:52'),
(800, 1, '5, 2', '2023-01-03 23:26:37'),
(801, 1, '16, 18, 22', '2023-01-03 23:27:37'),
(802, 1, '10', '2023-01-03 23:29:00'),
(803, 1, '16', '2023-01-03 23:36:16'),
(804, 1, 'haida coaie', '2023-01-03 23:48:54'),
(805, 1, 'tare', '2023-01-03 23:51:09'),
(806, 1, 'muie', '2023-01-03 23:54:34'),
(807, 1, 'fraoerirlerao', '2023-01-03 23:54:36'),
(808, 1, '15, 21, 5, 1, 11', '2023-01-04 00:00:24'),
(809, 1, '15, 22, 31, 34, 1', '2023-01-04 00:00:29'),
(810, 1, '6, 22, 25, 31, 16', '2023-01-04 00:00:57'),
(811, 1, '27', '2023-01-05 23:53:29'),
(812, 1, '4', '2023-01-05 23:53:29'),
(813, 1, '35, 26, 20, 5, 9', '2023-01-07 00:09:12'),
(814, 1, 'good shit', '2023-01-07 00:47:57'),
(815, 1, '10, 11, 12', '2023-01-07 00:57:54'),
(816, 1, '10, 12', '2023-01-07 00:57:56'),
(817, 1, '10, 12, 11', '2023-01-07 00:58:06'),
(818, 1, '10, 12, 11, 35', '2023-01-07 00:58:14'),
(819, 1, '10, 12, 11', '2023-01-07 00:58:20'),
(820, 1, '10, 12, 11, 35', '2023-01-07 00:58:22'),
(821, 1, '14 15 29 21 23', '2023-01-07 01:04:14'),
(822, 1, '17, 23, 25, 27, 35', '2023-01-07 22:49:19'),
(823, 1, 'hai doame', '2023-01-08 13:29:40'),
(824, 1, 'doamne', '2023-01-08 13:29:42'),
(825, 1, 'pica', '2023-01-08 13:29:43'),
(826, 1, 'numerel', '2023-01-08 13:29:46'),
(827, 1, 'numerele', '2023-01-08 13:29:47'),
(828, 1, 'q', '2023-06-18 12:12:20'),
(829, 1, 'q/', '2023-06-18 12:12:21'),
(830, 43, 'awdaw', '2023-12-31 12:11:52'),
(831, 43, 'SetPlayerPosEx', '2024-01-01 22:25:29'),
(832, 43, 'g/s', '2024-01-01 23:38:38');

-- --------------------------------------------------------

--
-- Table structure for table `server_dealership_vehicles`
--

CREATE TABLE `server_dealership_vehicles` (
  `ID` int(11) NOT NULL,
  `ModelID` int(11) NOT NULL,
  `Price` int(11) NOT NULL,
  `Stock` int(11) NOT NULL
) ENGINE=InnoDB DEFAULT CHARSET=utf8mb4 COLLATE=utf8mb4_general_ci;

--
-- Dumping data for table `server_dealership_vehicles`
--

INSERT INTO `server_dealership_vehicles` (`ID`, `ModelID`, `Price`, `Stock`) VALUES
(1, 481, 300000, 0),
(2, 509, 350000, 0),
(3, 510, 500000, 0),
(4, 462, 650000, 0),
(5, 400, 5500000, 0),
(6, 401, 3000000, 0),
(7, 402, 11000000, 0),
(8, 404, 1750000, 0),
(9, 405, 5000000, 0),
(10, 409, 17000000, 0),
(11, 410, 2000000, 0),
(12, 411, 165000000, 99),
(13, 412, 4500000, 0),
(14, 413, 1500000, 0),
(15, 415, 15000000, 0),
(16, 418, 1500000, 0),
(17, 419, 3250000, 0),
(18, 421, 3500000, 0),
(19, 422, 2750000, 0),
(20, 424, 3000000, 0),
(21, 426, 7500000, 0),
(22, 429, 60000000, 0),
(23, 434, 5500000, 0),
(24, 436, 3000000, 0),
(25, 439, 6500000, 0),
(26, 440, 1600000, 0),
(27, 442, 2000000, 0),
(28, 445, 6250000, 0),
(29, 451, 75000000, 0),
(30, 458, 2250000, 0),
(31, 466, 2250000, 0),
(32, 467, 1800000, 0),
(33, 474, 2350000, 0),
(34, 475, 6500000, 0),
(35, 477, 11500000, 0),
(36, 478, 1250000, 0),
(37, 479, 2250000, 0),
(38, 480, 13000000, 0),
(39, 482, 3350000, 0),
(40, 483, 1400000, 0),
(41, 491, 2850000, 0),
(42, 492, 2300000, 0),
(43, 494, 150000000, 0),
(44, 495, 11000000, 0),
(45, 496, 5500000, 0),
(46, 500, 2300000, 0),
(47, 502, 150000000, 0),
(48, 503, 150000000, 0),
(49, 505, 2350000, 0),
(50, 506, 8450000, 0),
(51, 507, 4000000, 0),
(52, 516, 3500000, 0),
(53, 517, 3500000, 0),
(54, 518, 3000000, 0),
(55, 526, 3500000, 0),
(56, 527, 2700000, 0),
(57, 529, 2750000, 0),
(58, 533, 5000000, 0),
(59, 534, 5250000, 0),
(60, 535, 4750000, 0),
(61, 536, 5500000, 0),
(62, 540, 2750000, 0),
(63, 541, 145000000, 0),
(64, 542, 4750000, 0),
(65, 543, 2850000, 0),
(66, 545, 3250000, 0),
(67, 546, 3000000, 0),
(68, 547, 2750000, 0),
(69, 549, 3750000, 0),
(70, 550, 2750000, 0),
(71, 551, 4000000, 0),
(72, 554, 2250000, 0),
(73, 555, 5250000, 0),
(74, 558, 5000000, 0),
(75, 559, 7500000, 0),
(76, 560, 95000000, 0),
(77, 561, 3250000, 0),
(78, 562, 9500000, 0),
(79, 565, 5000000, 0),
(80, 566, 4500000, 0),
(81, 567, 7250000, 0),
(82, 575, 3000000, 0),
(83, 576, 2350000, 0),
(84, 579, 4250000, 0),
(85, 580, 2600000, 0),
(86, 585, 2750000, 0),
(87, 587, 4250000, 0),
(88, 589, 4000000, 0),
(89, 600, 2500000, 0),
(90, 602, 5000000, 0),
(91, 603, 7500000, 0),
(92, 461, 5500000, 0),
(93, 463, 2500000, 0),
(94, 468, 4000000, 0),
(95, 471, 750000, 0),
(96, 521, 5200000, 0),
(97, 522, 140000000, 0),
(98, 581, 4500000, 0),
(99, 586, 3500000, 0),
(100, 487, 180000000, 0),
(101, 446, 12500000, 0),
(102, 452, 15000000, 0),
(103, 454, 10000000, 0),
(104, 473, 5000000, 0),
(105, 493, 40000000, 0);

-- --------------------------------------------------------

--
-- Table structure for table `server_doors`
--

CREATE TABLE `server_doors` (
  `doorID` int(11) NOT NULL,
  `doorLocked` int(11) NOT NULL,
  `doorPickup` int(11) NOT NULL,
  `doorLabelText` varchar(256) NOT NULL,
  `doorPosX` float NOT NULL,
  `doorPosY` float NOT NULL,
  `doorPosZ` float NOT NULL,
  `doorIntX` float NOT NULL,
  `doorIntY` float NOT NULL,
  `doorIntZ` float NOT NULL,
  `doorInt` int(11) NOT NULL
) ENGINE=InnoDB DEFAULT CHARSET=latin1 COLLATE=latin1_swedish_ci;

--
-- Dumping data for table `server_doors`
--

INSERT INTO `server_doors` (`doorID`, `doorLocked`, `doorPickup`, `doorLabelText`, `doorPosX`, `doorPosY`, `doorPosZ`, `doorIntX`, `doorIntY`, `doorIntZ`, `doorInt`) VALUES
(1, 0, 1247, '{1C8A15}Police Department HQ{FFFFFF}\nPress \'F / ENTER\' to enter the building.', 1555.5, -1675.63, 16.1953, 288.47, 170.06, 1007.17, 3);

-- --------------------------------------------------------

--
-- Table structure for table `server_friends`
--

CREATE TABLE `server_friends` (
  `ID` int(11) NOT NULL,
  `PlayerSQLID` int(11) NOT NULL,
  `FriendSQLID` int(11) NOT NULL,
  `FriendName` varchar(32) NOT NULL
) ENGINE=InnoDB DEFAULT CHARSET=utf8mb4 COLLATE=utf8mb4_general_ci;

--
-- Dumping data for table `server_friends`
--

INSERT INTO `server_friends` (`ID`, `PlayerSQLID`, `FriendSQLID`, `FriendName`) VALUES
(2, 8, 1, 'Sancky'),
(28, 41, 1, 'Sancky'),
(33, 1, 8, 'test28');

-- --------------------------------------------------------

--
-- Table structure for table `server_groups`
--

CREATE TABLE `server_groups` (
  `groupID` int(11) NOT NULL,
  `groupName` varchar(32) NOT NULL DEFAULT 'NULL',
  `groupMOTD` varchar(100) NOT NULL DEFAULT 'rpg.inception.ro',
  `groupMinLevel` int(11) NOT NULL DEFAULT 5,
  `groupMaxMembers` int(11) NOT NULL DEFAULT 7,
  `groupInterior` int(11) NOT NULL DEFAULT 0,
  `groupHQStatus` int(11) NOT NULL DEFAULT 1,
  `groupType` int(11) NOT NULL DEFAULT 0,
  `groupAppStatus` int(11) NOT NULL DEFAULT 1,
  `groupExteriorX` float NOT NULL DEFAULT 0,
  `groupExteriorY` float NOT NULL DEFAULT 0,
  `groupExteriorZ` float NOT NULL DEFAULT 0,
  `groupInteriorX` float NOT NULL DEFAULT 0,
  `groupInteriorY` float NOT NULL DEFAULT 0,
  `groupInteriorZ` float NOT NULL DEFAULT 0,
  `groupSafeX` float NOT NULL DEFAULT 0,
  `groupSafeY` float NOT NULL DEFAULT 0,
  `groupSafeZ` float NOT NULL DEFAULT 0,
  `groupSafeBalance` varchar(64) NOT NULL DEFAULT '1000000|10000|100',
  `groupRankNames` varchar(512) NOT NULL DEFAULT 'Rank 1|Rank 2|Rank 3|Rank 4|Rank 5|Rank 6|Rank 7',
  `groupSkins` varchar(96) NOT NULL DEFAULT '0|0|0|0|0|0|0|0|0',
  `groupColor` varchar(10) NOT NULL DEFAULT 'ffffff'
) ENGINE=InnoDB DEFAULT CHARSET=latin1 COLLATE=latin1_swedish_ci;

--
-- Dumping data for table `server_groups`
--

INSERT INTO `server_groups` (`groupID`, `groupName`, `groupMOTD`, `groupMinLevel`, `groupMaxMembers`, `groupInterior`, `groupHQStatus`, `groupType`, `groupAppStatus`, `groupExteriorX`, `groupExteriorY`, `groupExteriorZ`, `groupInteriorX`, `groupInteriorY`, `groupInteriorZ`, `groupSafeX`, `groupSafeY`, `groupSafeZ`, `groupSafeBalance`, `groupRankNames`, `groupSkins`, `groupColor`) VALUES
(1, 'Police Department', 'Congratulations! You are the first leader of this faction, now change the MOTD!', 5, 7, 3, 1, 1, 0, 242.3, 66.2824, 1003.64, 288.841, 167.781, 1007.17, 301.104, 187.564, 1007.17, '1000000|10000|100', 'Rank 1|Rank 2|Rank 3|Rank 4|Rank 5|Rank 6|Rank 7', '280|284|281|266|265|283|288|306|309', '0066ff'),
(2, 'FBI', 'Congratulations! You are the first leader of this faction, now change the MOTD!', 5, 7, 3, 1, 1, 0, 626.964, -571.808, 17.9207, 238.55, 139.345, 1003.02, 0, 0, 0, '1000000|10000|100', 'Rank 1|Rank 2|Rank 3|Rank 4|Rank 5|Rank 6|Rank 7', '71|163|285|164|286|166|295|150|-1', '0000cc'),
(3, 'Paramedic Department', 'Congratulations! You are the first leader of this faction, now change the MOTD!', 5, 10, 3, 1, 2, 0, 1172.08, -1323.3, 15.4029, -2031.11, -115.82, 1035.17, 0, 0, 0, '1000000|10000|100', 'Rank 1|Rank 2|Rank 3|Rank 4|Rank 5|Rank 6|Rank 7', '276|277|275|279|274|278|70|308|-1', 'ff9966'),
(4, 'News Reporters', 'Congratulations! You are the first leader of this faction, now change the MOTD!', 5, 10, 18, 1, 3, 0, 648.854, -1360.78, 13.5873, 1700.98, -1667.89, 20.2188, 0, 0, 0, '1000000|10000|100', 'Rank 1|Rank 2|Rank 3|Rank 4|Rank 5|Rank 6|Rank 7', '188|59|57|187|227|227|147|148|-1', '996699'),
(5, 'Hitman Agency', 'Congratulations! You are the first leader of this faction, now change the MOTD!', 5, 10, 1, 1, 4, 0, 1081.01, -345.41, 73.9839, -2158.67, 642.09, 1052.37, 0, 0, 0, '1000000|10000|100', 'Rank 1|Rank 2|Rank 3|Rank 4|Rank 5|Rank 6|Rank 7', '127|208|290|186|186|165|294|141|-1', 'ff0000'),
(6, 'Grove Street', 'Congratulations! You are the first leader of this faction, now change the MOTD!', 5, 7, 3, 1, 5, 0, 2495.37, -1691.14, 14.7656, 2496.05, -1695.17, 1014.74, 0, 0, 0, '1000000|10000|100', 'Rank 1|Rank 2|Rank 3|Rank 4|Rank 5|Rank 6|Rank 7', '0|0|0|0|0|0|0|0|0', '006600'),
(7, 'Ballas Family', 'Congratulations! You are the first leader of this faction, now change the MOTD!', 5, 7, 2, 1, 5, 0, 2233.99, -1333.26, 23.9816, 2545.08, -1304.89, 1054.64, 0, 0, 0, '1000000|10000|100', 'Rank 1|Rank 2|Rank 3|Rank 4|Rank 5|Rank 6|Rank 7', '0|0|0|0|0|0|0|0|0', '660033'),
(8, 'Varrios Los Aztecas', 'Congratulations! You are the first leader of this faction, now change the MOTD!', 5, 7, 5, 1, 5, 0, 1895.53, -2021.39, 13.5469, 1261.41, -785.43, 1091.91, 0, 0, 0, '1000000|10000|100', 'Rank 1|Rank 2|Rank 3|Rank 4|Rank 5|Rank 6|Rank 7', '0|0|0|0|0|0|0|0|0', '1affff');

-- --------------------------------------------------------

--
-- Table structure for table `server_group_vehicles`
--

CREATE TABLE `server_group_vehicles` (
  `id` int(11) NOT NULL,
  `model` int(11) NOT NULL,
  `group` int(11) NOT NULL,
  `rank` int(11) NOT NULL,
  `stock` int(11) NOT NULL
) ENGINE=InnoDB DEFAULT CHARSET=latin1 COLLATE=latin1_swedish_ci;

--
-- Dumping data for table `server_group_vehicles`
--

INSERT INTO `server_group_vehicles` (`id`, `model`, `group`, `rank`, `stock`) VALUES
(1, 596, 1, 1, 5),
(2, 523, 1, 1, 5),
(3, 599, 1, 2, 3),
(4, 411, 1, 3, 5),
(5, 528, 2, 1, 3),
(6, 490, 2, 2, 5),
(7, 425, 2, 3, 2),
(8, 416, 3, 1, 5),
(9, 599, 3, 2, 3),
(10, 544, 3, 3, 2),
(11, 582, 4, 1, 5),
(12, 488, 4, 2, 3),
(13, 461, 5, 1, 3),
(14, 402, 5, 2, 2),
(15, 487, 5, 2, 5),
(16, 469, 5, 3, 2),
(17, 461, 6, 1, 5),
(18, 482, 6, 1, 3),
(19, 579, 6, 2, 5),
(20, 445, 6, 2, 3),
(21, 567, 6, 3, 2),
(22, 560, 6, 4, 2),
(23, 461, 7, 1, 5),
(24, 482, 7, 1, 3),
(25, 579, 7, 2, 5),
(26, 445, 7, 2, 3),
(27, 567, 7, 3, 2),
(28, 560, 7, 4, 2),
(29, 461, 8, 1, 5),
(30, 482, 8, 1, 3),
(31, 579, 8, 2, 5),
(32, 445, 8, 2, 3),
(33, 567, 8, 3, 2),
(34, 560, 8, 4, 2),
(35, 461, 9, 1, 5),
(36, 482, 9, 1, 3),
(37, 579, 9, 2, 5),
(38, 445, 9, 2, 3),
(39, 567, 9, 3, 2),
(40, 560, 9, 4, 2),
(41, 462, 10, 1, 5),
(42, 551, 10, 2, 3),
(43, 560, 10, 3, 5);

-- --------------------------------------------------------

--
-- Table structure for table `server_houses`
--

CREATE TABLE `server_houses` (
  `ID` int(11) NOT NULL,
  `Balance` int(11) NOT NULL DEFAULT 0,
  `Interior` int(11) NOT NULL DEFAULT -1,
  `OwnerID` int(11) NOT NULL DEFAULT -1,
  `Level` int(11) NOT NULL DEFAULT 5,
  `RentPrice` int(11) NOT NULL DEFAULT 500,
  `Price` int(11) NOT NULL DEFAULT 10000000,
  `Locked` tinyint(1) NOT NULL DEFAULT 0,
  `X` float NOT NULL DEFAULT 0,
  `Y` float NOT NULL DEFAULT 0,
  `Z` float NOT NULL DEFAULT 0,
  `ExitX` float NOT NULL DEFAULT 0,
  `ExitY` float NOT NULL DEFAULT 0,
  `ExitZ` float NOT NULL DEFAULT 0,
  `OwnerName` varchar(32) NOT NULL DEFAULT 'AdmBot',
  `Description` varchar(64) NOT NULL DEFAULT 'The State House',
  `Drugs` int(11) NOT NULL DEFAULT 0
) ENGINE=InnoDB DEFAULT CHARSET=latin1 COLLATE=latin1_swedish_ci;

--
-- Dumping data for table `server_houses`
--

INSERT INTO `server_houses` (`ID`, `Balance`, `Interior`, `OwnerID`, `Level`, `RentPrice`, `Price`, `Locked`, `X`, `Y`, `Z`, `ExitX`, `ExitY`, `ExitZ`, `OwnerName`, `Description`, `Drugs`) VALUES
(1, 5000, 1, -1, 3, 500, 10000000, 0, 1180.52, -1261.03, 18.898, 223.094, 1287.42, 1082.14, 'AdmBot', 'The State House', 0),
(2, 2000, 1, -1, 3, 500, 10000000, 0, 1180.38, -1254.88, 18.891, 223.094, 1287.42, 1082.14, 'AdmBot', 'The State House', 0),
(3, 22000, 1, -1, 3, 500, 10000000, 0, 1186.9, -1260.9, 18.8984, 223.094, 1287.42, 1082.14, 'AdmBot', 'The State House', 0),
(4, 0, 1, -1, 3, 500, 10000000, 0, 1186.78, -1254.78, 18.8908, 223.094, 1287.42, 1082.14, 'AdmBot', 'The State House', 0),
(5, 0, 1, -1, 3, 500, 10000000, 0, 1180.34, -1261.07, 15.1797, 223.094, 1287.42, 1082.14, 'AdmBot', 'The State House', 0),
(6, 0, 1, -1, 3, 500, 10000000, 0, 1186.95, -1261.03, 15.1797, 223.094, 1287.42, 1082.14, 'AdmBot', 'The State House', 0),
(7, 0, 1, -1, 3, 500, 10000000, 0, 1180.58, -1254.79, 15.18, 223.094, 1287.42, 1082.14, 'AdmBot', 'The State House', 0),
(8, 0, 1, -1, 3, 500, 10000000, 0, 1186.62, -1254.76, 15.1797, 223.094, 1287.42, 1082.14, 'AdmBot', 'The State House', 0),
(9, 0, 1, -1, 3, 500, 10000000, 0, 1180.72, -1233.39, 22.141, 223.094, 1287.42, 1082.14, 'AdmBot', 'The State House', 0),
(10, 0, 1, -1, 3, 500, 10000000, 0, 1186.65, -1233.23, 22.141, 223.094, 1287.42, 1082.14, 'AdmBot', 'The State House', 0),
(11, 0, 1, -1, 3, 500, 10000000, 0, 1180.39, -1227.11, 22.133, 223.094, 1287.42, 1082.14, 'AdmBot', 'The State House', 0),
(12, 0, 1, -1, 3, 500, 10000000, 0, 1186.76, -1227.15, 22.133, 223.094, 1287.42, 1082.14, 'AdmBot', 'The State House', 0),
(13, 0, 1, -1, 3, 500, 10000000, 0, 1180.49, -1227.21, 18.555, 223.094, 1287.42, 1082.14, 'AdmBot', 'The State House', 0),
(14, 0, 1, -1, 3, 500, 10000000, 0, 1186.55, -1227.05, 18.555, 223.094, 1287.42, 1082.14, 'AdmBot', 'The State House', 0),
(15, 0, 1, -1, 3, 500, 10000000, 0, 1180.62, -1233.45, 18.555, 223.094, 1287.42, 1082.14, 'AdmBot', 'The State House', 0),
(16, 0, 1, -1, 3, 500, 10000000, 0, 1186.75, -1233.24, 18.555, 223.094, 1287.42, 1082.14, 'AdmBot', 'The State House', 0),
(17, 1000, 2, -1, 5, 500, 10000000, 0, 1103.11, -1092.49, 28.469, 225.757, 1240, 1082.15, 'AdmBot', 'The State House', 68),
(18, 0, 2, -1, 5, 500, 10000000, 0, 1102.97, -1069.59, 31.883, 225.757, 1240, 1082.15, 'AdmBot', 'The State House', 0),
(19, 0, 3, -1, 5, 500, 10000000, 0, 1411.05, -920.855, 38.4219, 235.213, 1187.22, 1080.26, 'AdmBot', 'The State House', 0),
(20, 0, 3, -1, 5, 500, 10000000, 0, 1440.68, -926.63, 39.6406, 235.213, 1187.22, 1080.26, 'AdmBot', 'The State House', 0),
(21, 0, 1, -1, 3, 500, 10000000, 0, 1246.7, -908.886, 42.8828, 223.094, 1287.42, 1082.14, 'AdmBot', 'The State House', 0),
(22, 0, 1, -1, 3, 500, 10000000, 0, 1253.23, -908.16, 42.8828, 223.094, 1287.42, 1082.14, 'AdmBot', 'The State House', 0),
(23, 0, 1, -1, 3, 500, 10000000, 0, 1245.9, -902.835, 42.8828, 223.094, 1287.42, 1082.14, 'AdmBot', 'The State House', 0),
(24, 0, 1, -1, 3, 500, 10000000, 0, 1252.47, -901.958, 42.8828, 223.094, 1287.42, 1082.14, 'AdmBot', 'The State House', 0),
(25, 0, 1, -1, 3, 500, 10000000, 0, 1252.4, -901.991, 46.5939, 223.094, 1287.42, 1082.14, 'AdmBot', 'The State House', 0),
(26, 0, 1, -1, 3, 500, 10000000, 0, 1253.12, -908.152, 46.6016, 223.094, 1287.42, 1082.14, 'AdmBot', 'The State House', 0),
(27, 0, 1, -1, 3, 500, 10000000, 0, 1246.76, -908.971, 46.6016, 223.094, 1287.42, 1082.14, 'AdmBot', 'The State House', 0),
(28, 0, 1, -1, 3, 500, 10000000, 0, 1246.08, -902.682, 46.5939, 223.094, 1287.42, 1082.14, 'AdmBot', 'The State House', 0),
(29, 0, 1, -1, 3, 500, 10000000, 0, 1242.74, -878.158, 42.8753, 223.094, 1287.42, 1082.14, 'AdmBot', 'The State House', 0),
(30, 0, 1, -1, 3, 500, 10000000, 0, 1249, -877.434, 42.8828, 223.094, 1287.42, 1082.14, 'AdmBot', 'The State House', 0),
(31, 0, 1, -1, 3, 500, 10000000, 0, 1241.79, -872.01, 42.8828, 223.094, 1287.42, 1082.14, 'AdmBot', 'The State House', 0),
(32, 0, 1, -1, 3, 500, 10000000, 0, 1248.27, -871.198, 42.8828, 223.094, 1287.42, 1082.14, 'AdmBot', 'The State House', 0),
(33, 0, 1, -1, 3, 500, 10000000, 0, 1248.45, -871.167, 46.6329, 223.094, 1287.42, 1082.14, 'AdmBot', 'The State House', 0),
(34, 0, 1, -1, 3, 500, 10000000, 0, 1241.79, -872.074, 46.6329, 223.094, 1287.42, 1082.14, 'AdmBot', 'The State House', 0),
(35, 0, 1, -1, 3, 500, 10000000, 0, 1242.71, -878.289, 46.6406, 223.094, 1287.42, 1082.14, 'AdmBot', 'The State House', 0),
(36, 0, 1, -1, 3, 500, 10000000, 0, 1249.11, -877.429, 46.6406, 223.094, 1287.42, 1082.14, 'AdmBot', 'The State House', 0),
(37, 0, 1, -1, 3, 500, 10000000, 0, 1281.41, -874.889, 42.9562, 223.094, 1287.42, 1082.14, 'AdmBot', 'The State House', 0),
(38, 0, 1, -1, 3, 500, 10000000, 0, 1287.86, -874.036, 43.0629, 223.094, 1287.42, 1082.14, 'AdmBot', 'The State House', 0),
(39, 0, 1, -1, 3, 500, 10000000, 0, 1280.68, -868.658, 42.9417, 223.094, 1287.42, 1082.14, 'AdmBot', 'The State House', 0),
(40, 0, 1, -1, 3, 500, 10000000, 0, 1287.07, -867.805, 43.1348, 223.094, 1287.42, 1082.14, 'AdmBot', 'The State House', 0),
(41, 0, 1, -1, 3, 500, 10000000, 0, 1287.08, -867.783, 46.8361, 223.094, 1287.42, 1082.14, 'AdmBot', 'The State House', 0),
(42, 0, 1, -1, 3, 500, 10000000, 0, 1280.49, -868.647, 46.8361, 223.094, 1287.42, 1082.14, 'AdmBot', 'The State House', 0),
(43, 0, 1, -1, 3, 500, 10000000, 0, 1281.54, -874.916, 46.8438, 223.094, 1287.42, 1082.14, 'AdmBot', 'The State House', 0),
(44, 0, 1, -1, 3, 500, 10000000, 0, 1287.81, -874.103, 46.8438, 223.094, 1287.42, 1082.14, 'AdmBot', 'The State House', 0),
(45, 0, 1, -1, 3, 500, 10000000, 0, 1285.05, -904.084, 42.8828, 223.094, 1287.42, 1082.14, 'AdmBot', 'The State House', 0),
(46, 0, 1, -1, 3, 500, 10000000, 0, 1291.37, -903.2, 42.8828, 223.094, 1287.42, 1082.14, 'AdmBot', 'The State House', 0),
(47, 0, 1, -1, 3, 500, 10000000, 0, 1290.37, -896.868, 42.8828, 223.094, 1287.42, 1082.14, 'AdmBot', 'The State House', 0),
(48, 0, 1, -1, 3, 500, 10000000, 0, 1284.03, -897.671, 42.8753, 223.094, 1287.42, 1082.14, 'AdmBot', 'The State House', 0),
(49, 0, 1, -1, 3, 500, 10000000, 0, 1290.41, -897.027, 46.6251, 223.094, 1287.42, 1082.14, 'AdmBot', 'The State House', 0),
(50, 0, 1, -1, 3, 500, 10000000, 0, 1284.09, -897.881, 46.6251, 223.094, 1287.42, 1082.14, 'AdmBot', 'The State House', 0),
(51, 0, 1, -1, 3, 500, 10000000, 0, 1284.84, -904.047, 46.6328, 223.094, 1287.42, 1082.14, 'AdmBot', 'The State House', 0),
(52, 0, 1, -1, 3, 500, 10000000, 0, 1291.38, -903.261, 46.6328, 223.094, 1287.42, 1082.14, 'AdmBot', 'The State House', 0),
(53, 0, 7, -1, 5, 500, 10000000, 0, 1111.5, -975.773, 42.7656, 225.631, 1022.48, 1084.07, 'AdmBot', 'The State House', 0),
(54, 0, 2, -1, 5, 500, 10000000, 0, 1142.39, -1092.82, 28.1875, 225.757, 1240, 1082.15, 'AdmBot', 'The State House', 0),
(55, 0, 2, -1, 5, 500, 10000000, 0, 1142.2, -1069.93, 31.7656, 225.757, 1240, 1082.15, 'AdmBot', 'The State House', 0),
(56, 0, 3, -1, 5, 500, 10000000, 0, 1183.17, -1098.84, 28.2578, 235.213, 1187.22, 1080.26, 'AdmBot', 'The State House', 0),
(57, 0, 3, -1, 5, 500, 10000000, 0, 1183.47, -1075.96, 31.6789, 235.213, 1187.22, 1080.26, 'AdmBot', 'The State House', 0),
(58, 0, 3, -1, 5, 500, 10000000, 0, 1241.95, -1076.6, 31.5547, 235.213, 1187.22, 1080.26, 'AdmBot', 'The State House', 0),
(59, 0, 3, -1, 5, 500, 10000000, 0, 1242.26, -1099.23, 27.9766, 235.213, 1187.22, 1080.26, 'AdmBot', 'The State House', 0),
(60, 0, 3, -1, 5, 500, 10000000, 0, 1285.26, -1067.16, 31.6789, 235.213, 1187.22, 1080.26, 'AdmBot', 'The State House', 0),
(61, 0, 3, -1, 5, 500, 10000000, 0, 1285.27, -1090.03, 28.2578, 235.213, 1187.22, 1080.26, 'AdmBot', 'The State House', 0),
(62, 0, 3, -1, 5, 500, 10000000, 0, 1325.95, -1067.69, 31.5547, 235.213, 1187.22, 1080.26, 'AdmBot', 'The State House', 0),
(63, 0, 3, -1, 5, 500, 10000000, 0, 1326.27, -1090.58, 27.9766, 235.213, 1187.22, 1080.26, 'AdmBot', 'The State House', 0),
(64, 0, 15, -1, 3, 500, 10000000, 0, 1885.88, -1113.63, 26.2758, 328.043, 1478.18, 1084.44, 'AdmBot', 'The State House', 0),
(65, 0, 15, -1, 3, 500, 10000000, 0, 1906.04, -1112.94, 26.6641, 328.043, 1478.18, 1084.44, 'AdmBot', 'The State House', 0),
(66, 0, 15, -1, 3, 500, 10000000, 0, 1921.3, -1115.13, 27.0883, 328.043, 1478.18, 1084.44, 'AdmBot', 'The State House', 0),
(67, 0, 15, -1, 3, 500, 10000000, 0, 1939.22, -1114.49, 27.4523, 328.043, 1478.18, 1084.44, 'AdmBot', 'The State House', 0),
(68, 0, 15, -1, 3, 500, 10000000, 0, 1955.12, -1115.41, 27.8305, 328.043, 1478.18, 1084.44, 'AdmBot', 'The State House', 0),
(69, 2500, 2, -1, 3, 500, 10000000, 0, 2000.02, -1114.05, 27.125, 225.757, 1240, 1082.15, 'AdmBot', 'The State House', 0),
(70, 0, 15, -1, 3, 500, 10000000, 0, 2023, -1120.26, 26.421, 328.043, 1478.18, 1084.44, 'AdmBot', 'The State House', 0),
(71, 0, 15, -1, 3, 500, 10000000, 0, 2045.39, -1116.63, 26.3617, 328.043, 1478.18, 1084.44, 'AdmBot', 'The State House', 0),
(72, 0, 15, -1, 3, 500, 10000000, 0, 2094.04, -1122.67, 27.6899, 328.043, 1478.18, 1084.44, 'AdmBot', 'The State House', 0),
(73, 0, 15, -1, 3, 500, 10000000, 0, 2091.64, -1184.31, 27.0571, 328.043, 1478.18, 1084.44, 'AdmBot', 'The State House', 0),
(74, 0, 15, -1, 3, 500, 10000000, 0, 2095.36, -1145.26, 26.5929, 328.043, 1478.18, 1084.44, 'AdmBot', 'The State House', 0),
(75, 0, 2, -1, 3, 500, 10000000, 0, 2092.24, -1166.51, 26.5859, 225.757, 1240, 1082.15, 'AdmBot', 'The State House', 0),
(76, 0, 15, -1, 3, 500, 10000000, 0, 2249.92, -1238.92, 25.8984, 328.043, 1478.18, 1084.44, 'AdmBot', 'The State House', 0),
(77, 0, 15, -1, 3, 500, 10000000, 0, 2250.33, -1280.05, 25.4766, 328.043, 1478.18, 1084.44, 'AdmBot', 'The State House', 0),
(78, 0, 15, -1, 3, 500, 10000000, 0, 2153.82, -1243.81, 25.3672, 328.043, 1478.18, 1084.44, 'AdmBot', 'The State House', 0),
(79, 0, 15, -1, 3, 500, 10000000, 0, 2132.31, -1280.05, 25.8906, 328.043, 1478.18, 1084.44, 'AdmBot', 'The State House', 0),
(80, 0, 15, -1, 3, 500, 10000000, 0, 2110.9, -1244.39, 25.8516, 328.043, 1478.18, 1084.44, 'AdmBot', 'The State House', 0),
(81, 0, 15, -1, 3, 500, 10000000, 0, 2100.97, -1321.88, 25.9531, 328.043, 1478.18, 1084.44, 'AdmBot', 'The State House', 0),
(82, 0, 15, -1, 3, 500, 10000000, 0, 2150.92, -1419.14, 25.9219, 328.043, 1478.18, 1084.44, 'AdmBot', 'The State House', 0),
(83, 0, 15, -1, 3, 500, 10000000, 0, 2190.45, -1470.46, 25.9141, 328.043, 1478.18, 1084.44, 'AdmBot', 'The State House', 0),
(84, 0, 10, -1, 3, 500, 10000000, 0, 2190.32, -1487.67, 26.1051, 2260.11, -1135.84, 1050.63, 'AdmBot', 'The State House', 0),
(85, 0, 10, -1, 3, 500, 10000000, 0, 2152.22, -1446.44, 26.1051, 2260.11, -1135.84, 1050.63, 'AdmBot', 'The State House', 0),
(86, 0, 10, -1, 3, 500, 10000000, 0, 2151.18, -1400.69, 26.1285, 2260.11, -1135.84, 1050.63, 'AdmBot', 'The State House', 0),
(87, 0, 10, -1, 3, 500, 10000000, 0, 2147.73, -1366.13, 25.9723, 2260.11, -1135.84, 1050.63, 'AdmBot', 'The State House', 0),
(88, 0, 10, -1, 3, 500, 10000000, 0, 2185.15, -1363.71, 26.1598, 2260.11, -1135.84, 1050.63, 'AdmBot', 'The State House', 0),
(89, 0, 10, -1, 3, 500, 10000000, 0, 2148.58, -1320.08, 26.0738, 2260.11, -1135.84, 1050.63, 'AdmBot', 'The State House', 0),
(90, 0, 10, -1, 3, 500, 10000000, 0, 2150.26, -1285.04, 24.5269, 2260.11, -1135.84, 1050.63, 'AdmBot', 'The State House', 0),
(91, 0, 8, -1, 3, 500, 10000000, 0, 2091.03, -1277.84, 26.1797, 2365.19, -1135.09, 1050.88, 'AdmBot', 'The State House', 0),
(92, 0, 8, -1, 3, 500, 10000000, 0, 2191.66, -1275.61, 25.1562, 2365.19, -1135.09, 1050.88, 'AdmBot', 'The State House', 0),
(93, 0, 8, -1, 3, 500, 10000000, 0, 2229.63, -1241.61, 25.6562, 2365.19, -1135.09, 1050.88, 'AdmBot', 'The State House', 0),
(94, 0, 8, -1, 3, 500, 10000000, 0, 2188.55, -1419.28, 26.1562, 2365.19, -1135.09, 1050.88, 'AdmBot', 'The State House', 0),
(95, 0, 10, -1, 3, 500, 10000000, 0, 2230.14, -1280.06, 25.6285, 2260.11, -1135.84, 1050.63, 'AdmBot', 'The State House', 0),
(96, 0, 10, -1, 3, 500, 10000000, 0, 2209.76, -1240.25, 24.4801, 2260.11, -1135.84, 1050.63, 'AdmBot', 'The State House', 0),
(97, 0, 8, -1, 3, 500, 10000000, 0, 2191.75, -1239.23, 24.4879, 2807.66, -1174.24, 1025.57, 'AdmBot', 'The State House', 0),
(98, 0, 8, -1, 3, 500, 10000000, 0, 2208.03, -1280.82, 25.1207, 2807.66, -1174.24, 1025.57, 'AdmBot', 'The State House', 0),
(99, 0, 8, -1, 3, 500, 10000000, 0, 2090.81, -1235.18, 26.0191, 2807.66, -1174.24, 1025.57, 'AdmBot', 'The State House', 0),
(100, 0, 8, -1, 3, 500, 10000000, 0, 2129.67, -1361.69, 26.1363, 2807.66, -1174.24, 1025.57, 'AdmBot', 'The State House', 0),
(101, 0, 10, -1, 5, 500, 10000000, 0, 2126.72, -1320.81, 26.6241, 2270.01, -1210.49, 1047.56, 'AdmBot', 'The State House', 0),
(102, 0, 10, -1, 5, 500, 10000000, 0, 2148.94, -1484.9, 26.624, 2270.01, -1210.49, 1047.56, 'AdmBot', 'The State House', 0),
(103, 0, 8, -1, 3, 500, 10000000, 0, 2202.8, -1363.67, 26.191, 2807.66, -1174.24, 1025.57, 'AdmBot', 'The State House', 0),
(104, 0, 8, -1, 3, 500, 10000000, 0, 2230.41, -1397.23, 24.5738, 2807.66, -1174.24, 1025.57, 'AdmBot', 'The State House', 0),
(105, 0, 8, -1, 3, 500, 10000000, 0, 2243.51, -1397.24, 24.5738, 2807.66, -1174.24, 1025.57, 'AdmBot', 'The State House', 0),
(106, 0, 8, -1, 3, 500, 10000000, 0, 2256.53, -1397.24, 24.5738, 2807.66, -1174.24, 1025.57, 'AdmBot', 'The State House', 0),
(107, 0, 8, -1, 3, 500, 10000000, 0, 2263.91, -1469.34, 24.3707, 2807.66, -1174.24, 1025.57, 'AdmBot', 'The State House', 0),
(108, 0, 8, -1, 3, 500, 10000000, 0, 2247.83, -1469.33, 24.4801, 2807.66, -1174.24, 1025.57, 'AdmBot', 'The State House', 0),
(109, 0, 8, -1, 3, 500, 10000000, 0, 2232.64, -1469.34, 24.5816, 2807.66, -1174.24, 1025.57, 'AdmBot', 'The State House', 0),
(110, 0, 8, -1, 3, 500, 10000000, 0, 2194.36, -1442.89, 26.0738, 2807.66, -1174.24, 1025.57, 'AdmBot', 'The State House', 0),
(111, 0, 8, -1, 3, 500, 10000000, 0, 2146.79, -1470.5, 26.0426, 2807.66, -1174.24, 1025.57, 'AdmBot', 'The State House', 0),
(112, 0, 10, -1, 3, 500, 10000000, 0, 2196.21, -1404.13, 25.9488, 2260.11, -1135.84, 1050.63, 'AdmBot', 'The State House', 0),
(113, 0, 10, -1, 3, 500, 10000000, 0, 2111.25, -1279.07, 25.8359, 2260.11, -1135.84, 1050.63, 'AdmBot', 'The State House', 0),
(114, 0, 1, -1, 3, 500, 10000000, 0, 2149.81, -1433.78, 26.0703, 223.094, 1287.42, 1082.14, 'AdmBot', 'The State House', 0),
(115, 0, 1, -1, 3, 500, 10000000, 0, 2191.1, -1455.96, 26, 223.094, 1287.42, 1082.14, 'AdmBot', 'The State House', 0),
(116, 0, 10, -1, 5, 500, 10000000, 0, 1980.38, -1718.99, 17.0304, 2270.01, -1210.49, 1047.56, 'AdmBot', 'The State House', 0),
(117, 0, 10, -1, 5, 500, 10000000, 0, 1980.99, -1682.94, 17.0539, 2270.01, -1210.49, 1047.56, 'AdmBot', 'The State House', 0),
(118, 0, 1, -1, 3, 500, 10000000, 0, 2016.2, -1717.01, 14.125, 223.094, 1287.42, 1082.14, 'AdmBot', 'The State House', 0),
(119, 0, 1, -1, 3, 500, 10000000, 0, 2066.74, -1656.55, 14.1328, 223.094, 1287.42, 1082.14, 'AdmBot', 'The State House', 0),
(120, 0, 8, -1, 3, 500, 10000000, 0, 2018.06, -1629.91, 14.0426, 2807.66, -1174.24, 1025.57, 'AdmBot', 'The State House', 0),
(121, 0, 8, -1, 3, 500, 10000000, 0, 2013.58, -1656.41, 14.1363, 2807.66, -1174.24, 1025.57, 'AdmBot', 'The State House', 0),
(122, 0, 8, -1, 3, 500, 10000000, 0, 2066.24, -1717.18, 14.1363, 2807.66, -1174.24, 1025.57, 'AdmBot', 'The State House', 0),
(123, 0, 8, -1, 3, 500, 10000000, 0, 2067.56, -1643.77, 14.1363, 2807.66, -1174.24, 1025.57, 'AdmBot', 'The State House', 0),
(124, 0, 10, -1, 3, 500, 10000000, 0, 2067.7, -1628.89, 14.2066, 2260.11, -1135.84, 1050.63, 'AdmBot', 'The State House', 0),
(125, 0, 10, -1, 3, 500, 10000000, 0, 2067.05, -1731.65, 14.2066, 2260.11, -1135.84, 1050.63, 'AdmBot', 'The State House', 0),
(126, 0, 10, -1, 3, 500, 10000000, 0, 2016.54, -1641.74, 14.1129, 2260.11, -1135.84, 1050.63, 'AdmBot', 'The State House', 0),
(127, 0, 8, -1, 3, 500, 10000000, 0, 2018.24, -1703.27, 14.2344, 2365.19, -1135.09, 1050.88, 'AdmBot', 'The State House', 0),
(128, 0, 8, -1, 3, 500, 10000000, 0, 2015.35, -1732.63, 14.2344, 2365.19, -1135.09, 1050.88, 'AdmBot', 'The State House', 0),
(129, 0, 2, -1, 3, 500, 10000000, 0, 2065.1, -1703.51, 14.1484, 2468.23, -1698.26, 1013.51, 'AdmBot', 'The State House', 0),
(130, 0, 10, -1, 5, 500, 10000000, 0, 1421.85, -886.228, 50.6863, 2270.01, -1210.49, 1047.56, 'AdmBot', 'The State House', 0),
(131, 500, 5, 1, 5, 0, 0, 0, 1468.64, -905.718, 54.8359, 318.548, 1114.7, 1083.88, 'Sancky', 'Master\'s house', 469),
(132, 500, 7, -1, 5, 500, 10000000, 0, 1540.16, -851.404, 64.3361, 225.631, 1022.48, 1084.07, 'AdmBot', 'The State House', 0),
(133, 0, 1, -1, 5, 500, 10000000, 0, 1535.01, -800.206, 72.8495, 223.094, 1287.42, 1082.14, 'AdmBot', 'The State House', 0),
(134, 0, 1, -1, 5, 69, 10000000, 0, 1527.65, -772.784, 80.5781, 223.094, 1287.42, 1082.14, 'AdmBot', 'The State House', 0),
(135, 0, 5, -1, 10, 69, 10000000, 0, 1497.07, -687.892, 95.5633, 1298.91, -796.487, 1084.01, 'AdmBot', 'The State House', 0),
(136, 0, 7, -1, 5, 500, 10000000, 0, 1442.62, -628.833, 95.7186, 225.631, 1022.48, 1084.07, 'AdmBot', 'The State House', 0),
(137, 0, 10, -1, 5, 500, 10000000, 0, 1332.01, -633.006, 109.135, 2270.01, -1210.49, 1047.56, 'AdmBot', 'The State House', 0),
(138, 0, 5, -1, 10, 500, 10000000, 0, 1298.54, -798.857, 84.1406, 1298.91, -796.487, 1084.01, 'AdmBot', 'The State House', 0),
(139, 0, 7, -1, 5, 500, 10000000, 0, 1112.64, -742.147, 100.133, 225.631, 1022.48, 1084.07, 'AdmBot', 'The State House', 0),
(140, 0, 10, -1, 5, 500, 10000000, 0, 1093.91, -807.137, 107.419, 2270.01, -1210.49, 1047.56, 'AdmBot', 'The State House', 0),
(141, 0, 7, -1, 7, 500, 10000000, 0, 1034.65, -812.688, 101.852, 225.631, 1022.48, 1084.07, 'AdmBot', 'The State House', 0),
(142, 0, 3, -1, 5, 500, 10000000, 0, 937.621, -848.245, 93.653, 235.213, 1187.22, 1080.26, 'AdmBot', 'The State House', 0),
(143, 0, 8, -1, 3, 500, 10000000, 0, 989.745, -828.687, 95.4686, 2807.66, -1174.24, 1025.57, 'AdmBot', 'The State House', 0),
(144, 0, 10, -1, 7, 500, 10000000, 0, 977.416, -771.234, 112.203, 2270.01, -1210.49, 1047.56, 'AdmBot', 'The State House', 0),
(145, 0, 10, -1, 5, 500, 10000000, 0, 827.882, -858.315, 70.3308, 2260.11, -1135.84, 1050.63, 'AdmBot', 'The State House', 0),
(146, 0, 10, -1, 5, 500, 10000000, 0, 836.295, -894.501, 68.7689, 2270.01, -1210.49, 1047.56, 'AdmBot', 'The State House', 0),
(147, 0, 7, -1, 7, 500, 10000000, 0, 731.203, -1013.22, 52.7379, 225.631, 1022.48, 1084.07, 'AdmBot', 'The State House', 0),
(148, 0, 7, -1, 7, 500, 10000000, 0, 699.991, -1060.19, 49.4217, 225.631, 1022.48, 1084.07, 'AdmBot', 'The State House', 0),
(149, 0, 8, -1, 3, 500, 10000000, 0, 645.937, -1117.47, 44.207, 2807.66, -1174.24, 1025.57, 'AdmBot', 'The State House', 0),
(150, 0, 8, -1, 3, 500, 10000000, 0, 552.875, -1200.3, 44.8315, 2807.66, -1174.24, 1025.57, 'AdmBot', 'The State House', 0),
(151, 0, 10, -1, 5, 500, 10000000, 0, 224.085, -1413.86, 51.8386, 2260.11, -1135.84, 1050.63, 'AdmBot', 'The State House', 0),
(152, 0, 8, -1, 3, 500, 10000000, 0, 398.085, -1271.4, 50.0198, 2807.66, -1174.24, 1025.57, 'AdmBot', 'The State House', 0),
(153, 0, 7, -1, 5, 500, 10000000, 0, 298.396, -1337.91, 53.4415, 225.631, 1022.48, 1084.07, 'AdmBot', 'The State House', 0),
(154, 0, 7, -1, 5, 500, 10000000, 0, 254.723, -1367, 53.1094, 225.631, 1022.48, 1084.07, 'AdmBot', 'The State House', 0),
(155, 0, 7, -1, 7, 500, 10000000, 0, 167.896, -1308.26, 70.3513, 225.631, 1022.48, 1084.07, 'AdmBot', 'The State House', 0),
(156, 0, 7, -1, 7, 500, 10000000, 0, 253.192, -1270.01, 74.4306, 225.631, 1022.48, 1084.07, 'AdmBot', 'The State House', 0),
(157, 0, 7, -1, 7, 500, 10000000, 0, 251.733, -1220.56, 75.9977, 225.631, 1022.48, 1084.07, 'AdmBot', 'The State House', 0),
(158, 0, 7, -1, 7, 500, 10000000, 0, 300.28, -1154.49, 81.3911, 225.631, 1022.48, 1084.07, 'AdmBot', 'The State House', 0),
(159, 0, 7, -1, 7, 500, 10000000, 0, 416.758, -1154.2, 76.6876, 225.631, 1022.48, 1084.07, 'AdmBot', 'The State House', 0),
(160, 0, 10, -1, 5, 500, 10000000, 0, 219.381, -1250.06, 78.3352, 2270.01, -1210.49, 1047.56, 'AdmBot', 'The State House', 0),
(161, 0, 7, -1, 5, 500, 10000000, 0, 352.181, -1197.72, 76.5156, 225.631, 1022.48, 1084.07, 'AdmBot', 'The State House', 0),
(162, 0, 7, -1, 7, 500, 10000000, 0, 558.95, -1076.13, 72.922, 225.631, 1022.48, 1084.07, 'AdmBot', 'The State House', 0),
(163, 0, 7, -1, 7, 500, 10000000, 0, 497.455, -1094.62, 82.3592, 225.631, 1022.48, 1084.07, 'AdmBot', 'The State House', 0),
(164, 0, 7, -1, 7, 500, 10000000, 0, 808.438, -759.293, 76.5314, 225.631, 1022.48, 1084.07, 'AdmBot', 'The State House', 0),
(165, 0, 7, -1, 7, 500, 10000000, 0, 867.796, -717.252, 105.68, 225.631, 1022.48, 1084.07, 'AdmBot', 'The State House', 0),
(166, 0, 7, -1, 7, 500, 10000000, 0, 898.275, -677.438, 116.89, 225.631, 1022.48, 1084.07, 'AdmBot', 'The State House', 0),
(167, 0, 10, -1, 5, 500, 10000000, 0, 946.025, -710.327, 122.62, 2260.11, -1135.84, 1050.63, 'AdmBot', 'The State House', 0),
(168, 0, 7, -1, 7, 500, 10000000, 0, 980.543, -677.229, 121.976, 225.631, 1022.48, 1084.07, 'AdmBot', 'The State House', 0),
(169, 0, 10, -1, 5, 500, 10000000, 0, 1045.15, -642.805, 120.117, 2270.01, -1210.49, 1047.56, 'AdmBot', 'The State House', 0),
(170, 0, 10, -1, 5, 500, 10000000, 0, 891.231, -782.959, 101.312, 2270.01, -1210.49, 1047.56, 'AdmBot', 'The State House', 0),
(171, 0, 7, -1, 5, 500, 10000000, 0, 1095.03, -647.584, 113.648, 225.631, 1022.48, 1084.07, 'AdmBot', 'The State House', 0),
(172, 0, 1, -1, 3, 500, 10000000, 0, 992.63, -1817.63, 13.8943, 223.094, 1287.42, 1082.14, 'AdmBot', 'The State House', 0),
(173, 0, 1, -1, 3, 500, 10000000, 0, 980.924, -1814.82, 13.8887, 223.094, 1287.42, 1082.14, 'AdmBot', 'The State House', 0),
(174, 0, 1, -1, 3, 500, 10000000, 0, 969.644, -1812.04, 13.8836, 223.094, 1287.42, 1082.14, 'AdmBot', 'The State House', 0),
(175, 0, 1, -1, 3, 500, 10000000, 0, 958.101, -1809.18, 13.8813, 223.094, 1287.42, 1082.14, 'AdmBot', 'The State House', 0),
(176, 0, 1, -1, 3, 500, 10000000, 0, 933.68, -1805.21, 13.8433, 223.094, 1287.42, 1082.14, 'AdmBot', 'The State House', 0),
(177, 0, 1, -1, 3, 500, 10000000, 0, 921.979, -1803.89, 13.8376, 223.094, 1287.42, 1082.14, 'AdmBot', 'The State House', 0),
(178, 0, 1, -1, 3, 500, 10000000, 0, 910.261, -1802.68, 13.7998, 223.094, 1287.42, 1082.14, 'AdmBot', 'The State House', 0),
(179, 0, 15, -1, 3, 500, 10000000, 0, 791.504, -1753.45, 13.4547, 328.043, 1478.18, 1084.44, 'AdmBot', 'The State House', 0),
(180, 0, 15, -1, 3, 500, 10000000, 0, 797.664, -1729.27, 13.5469, 328.043, 1478.18, 1084.44, 'AdmBot', 'The State House', 0),
(181, 500, 15, -1, 3, 500, 10000000, 0, 790.956, -1661.62, 13.4848, 328.043, 1478.18, 1084.44, 'AdmBot', 'The State House', 0),
(182, 0, 15, -1, 3, 500, 10000000, 0, 660.462, -1599.32, 15, 328.043, 1478.18, 1084.44, 'AdmBot', 'The State House', 0),
(183, 0, 15, -1, 3, 500, 10000000, 0, 652.925, -1619.88, 15, 328.043, 1478.18, 1084.44, 'AdmBot', 'The State House', 0),
(184, 0, 15, -1, 3, 500, 10000000, 0, 652.384, -1694.02, 14.5597, 328.043, 1478.18, 1084.44, 'AdmBot', 'The State House', 0),
(185, 0, 15, -1, 3, 500, 10000000, 0, 794.929, -1691.94, 14.4633, 328.043, 1478.18, 1084.44, 'AdmBot', 'The State House', 0),
(186, 0, 15, -1, 3, 500, 10000000, 0, 769.048, -1726.52, 13.4321, 328.043, 1478.18, 1084.44, 'AdmBot', 'The State House', 0),
(187, 0, 15, -1, 3, 500, 10000000, 0, 656.095, -1636.18, 15.8617, 328.043, 1478.18, 1084.44, 'AdmBot', 'The State House', 0),
(188, 0, 15, -1, 3, 500, 10000000, 0, 694.802, -1690.26, 4.34612, 328.043, 1478.18, 1084.44, 'AdmBot', 'The State House', 0),
(189, 0, 15, -1, 3, 500, 10000000, 0, 693.546, -1705.75, 3.81948, 328.043, 1478.18, 1084.44, 'AdmBot', 'The State House', 0),
(190, 0, 15, -1, 3, 500, 10000000, 0, 769.229, -1696.57, 5.15542, 328.043, 1478.18, 1084.44, 'AdmBot', 'The State House', 0),
(191, 0, 15, -1, 3, 500, 10000000, 0, 769.229, -1745.88, 13.0773, 328.043, 1478.18, 1084.44, 'AdmBot', 'The State House', 0),
(192, 0, 15, -1, 3, 500, 10000000, 0, 653.596, -1714.07, 14.7648, 328.043, 1478.18, 1084.44, 'AdmBot', 'The State House', 0),
(193, 0, 15, -1, 3, 500, 10000000, 0, 657.227, -1652.71, 15.4062, 328.043, 1478.18, 1084.44, 'AdmBot', 'The State House', 0),
(194, 0, 15, -1, 3, 500, 10000000, 0, 692.894, -1602.77, 15.0469, 328.043, 1478.18, 1084.44, 'AdmBot', 'The State House', 0),
(195, 0, 15, -1, 3, 500, 10000000, 0, 694.026, -1645.88, 4.09375, 328.043, 1478.18, 1084.44, 'AdmBot', 'The State House', 0),
(196, 0, 15, -1, 3, 500, 10000000, 0, 793.975, -1707.55, 14.0382, 328.043, 1478.18, 1084.44, 'AdmBot', 'The State House', 0),
(197, 0, 15, -1, 3, 500, 10000000, 0, 768.08, -1655.76, 5.60938, 328.043, 1478.18, 1084.44, 'AdmBot', 'The State House', 0),
(198, 0, 15, -1, 3, 500, 10000000, 0, 766.924, -1605.89, 13.8039, 328.043, 1478.18, 1084.44, 'AdmBot', 'The State House', 0),
(199, 500, 15, -1, 3, 0, 10000000, 0, 697.28, -1627.03, 3.74917, 328.043, 1478.18, 1084.44, 'AdmBot', 'The State House', 0);

-- --------------------------------------------------------

--
-- Table structure for table `server_jobs`
--

CREATE TABLE `server_jobs` (
  `ID` int(11) NOT NULL,
  `Name` varchar(32) NOT NULL DEFAULT 'NULL',
  `Level` int(11) NOT NULL DEFAULT 1,
  `X` float NOT NULL,
  `Y` float NOT NULL,
  `Z` float NOT NULL,
  `wX` float NOT NULL,
  `wY` float NOT NULL,
  `wZ` float NOT NULL,
  `vSpawnX` float NOT NULL,
  `vSpawnY` float NOT NULL,
  `vSpawnZ` float NOT NULL,
  `vSpawnAngle` float NOT NULL,
  `vColorOne` int(11) NOT NULL DEFAULT 1,
  `vColorTwo` int(11) NOT NULL DEFAULT 1,
  `Vehicle` int(11) NOT NULL
) ENGINE=InnoDB DEFAULT CHARSET=latin1 COLLATE=latin1_swedish_ci;

--
-- Dumping data for table `server_jobs`
--

INSERT INTO `server_jobs` (`ID`, `Name`, `Level`, `X`, `Y`, `Z`, `wX`, `wY`, `wZ`, `vSpawnX`, `vSpawnY`, `vSpawnZ`, `vSpawnAngle`, `vColorOne`, `vColorTwo`, `Vehicle`) VALUES
(1, 'Detective', 3, 609.287, -1459.18, 14.3872, 0, 0, 0, 0, 0, 0, 0, 1, 1, 0),
(2, 'Fisherman', 1, 376.059, -2055.5, 8.0156, 0, 0, 0, 0, 0, 0, 0, 1, 1, 0),
(3, 'Farmer', 1, -382.202, -1426.27, 26.1244, -377.636, -1410.46, 25.7266, -376.517, -1413.26, 25.6922, 2.7719, -1, -1, 531),
(4, 'Fireman', 1, 816.644, -613.281, 16.3359, 797.727, -611.703, 16.3432, 797.496, -606.665, 16.0342, 358.862, 3, 3, 552),
(5, 'Bus Driver', 1, 1644.9, -2286.48, -1.2027, 1664.22, -2269.49, -1.2628, 1662.6, -2256.04, -2.772, 270.192, 1, 1, 431),
(6, 'Hunter', 1, 1546.6, 32.3587, 24.1406, 1553.57, 37.894, 24.2427, 1553.57, 37.894, 24.2427, 19.4238, -1, -1, 554),
(7, 'Courier', 1, 2729.94, -2451.42, 17.5937, 2742.41, -2466.15, 13.6484, 2743.79, -2465.55, 13.8219, 272.541, -1, -1, 456),
(8, 'Drugs Dealer', 3, -1068.56, -1211.54, 129.587, 0, 0, 0, 0, 0, 0, 0, 0, 0, 0),
(9, 'Arms Dealer', 3, 2166.2, -1671.46, 15.0737, 0, 0, 0, 0, 0, 0, 0, 0, 0, 0),
(10, 'Trucker', 1, 1054.74, 2148.29, 10.8203, 1034.79, 2132.83, 10.8203, 1026.9, 2133.11, 11.4266, 88.9164, -1, -1, 403);

-- --------------------------------------------------------

--
-- Table structure for table `server_mute_logs`
--

CREATE TABLE `server_mute_logs` (
  `ID` int(11) NOT NULL,
  `AdminSQLID` int(11) NOT NULL,
  `PlayerSQLID` int(11) NOT NULL,
  `Reason` varchar(128) NOT NULL,
  `Minutes` int(11) NOT NULL,
  `Date` timestamp NOT NULL DEFAULT current_timestamp() ON UPDATE current_timestamp()
) ENGINE=InnoDB DEFAULT CHARSET=utf8mb4 COLLATE=utf8mb4_general_ci;

--
-- Dumping data for table `server_mute_logs`
--

INSERT INTO `server_mute_logs` (`ID`, `AdminSQLID`, `PlayerSQLID`, `Reason`, `Minutes`, `Date`) VALUES
(1, 1, 8, 'injurii pe /wt', 60, '2021-11-20 00:14:12');

-- --------------------------------------------------------

--
-- Table structure for table `server_personal_vehicles`
--

CREATE TABLE `server_personal_vehicles` (
  `ID` int(11) NOT NULL,
  `OwnerID` int(11) NOT NULL,
  `ModelID` int(11) NOT NULL,
  `ColorOne` int(11) NOT NULL DEFAULT 1,
  `ColorTwo` int(11) NOT NULL DEFAULT 1,
  `Days` int(11) DEFAULT NULL,
  `Insurance` int(11) NOT NULL DEFAULT 10,
  `Plate` varchar(32) NOT NULL DEFAULT 'New Car',
  `Odometer` float NOT NULL DEFAULT 0,
  `Fuel` float NOT NULL DEFAULT 100.9,
  `HP` float NOT NULL DEFAULT 1000,
  `X` float NOT NULL,
  `Y` float NOT NULL,
  `Z` float NOT NULL,
  `Angle` float NOT NULL
) ENGINE=InnoDB DEFAULT CHARSET=utf8mb4 COLLATE=utf8mb4_general_ci;

--
-- Dumping data for table `server_personal_vehicles`
--

INSERT INTO `server_personal_vehicles` (`ID`, `OwnerID`, `ModelID`, `ColorOne`, `ColorTwo`, `Days`, `Insurance`, `Plate`, `Odometer`, `Fuel`, `HP`, `X`, `Y`, `Z`, `Angle`) VALUES
(86, 1, 411, 1, 1, 1660610522, 9, '{FF0000}kys', 28.992, 78.785, 998.786, 1462.94, -902.247, 54.563, 359.267),
(87, 1, 560, 1, 1, 1660610557, 9, '{FF0000}kys', 180.469, 78.028, 530.31, 1465.86, -902.238, 54.541, 359.194),
(88, 1, 451, 1, 1, 1660945897, 10, '{FF0000}kys', 13.04, 85.326, 1000, 1391.57, -2365.3, 13.274, 0.376),
(93, 1, 477, 1, 1, 1664656593, 10, 'New Car', 0.002, 100.897, 1000, 1398.17, -2348.3, 13.274, 0.376),
(96, 1, 481, 1, 1, 1665340795, 10, 'New Car', 0, 100.9, 1000, 1391.57, -2331.3, 13.274, 0.376),
(97, 1, 481, 1, 1, 1665340804, 10, 'New Car', 0, 100.9, 1000, 1398.17, -2365.3, 13.274, 0.376),
(99, 1, 481, 1, 1, 1665340819, 10, 'New Car', 0.008, 100.9, 1000, 1411.27, -2314.3, 13.274, 0.376),
(100, 1, 481, 1, 1, 1665340824, 10, 'New Car', 0, 100.9, 1000, 1404.78, -2348.3, 13.274, 0.376),
(101, 1, 481, 1, 1, 1665340832, 10, 'New Car', 0, 100.9, 1000, 1398.17, -2348.3, 13.274, 0.376),
(104, 1, 481, 1, 1, 1671755774, 10, 'New Car', 0, 100.9, 1000, 1398.17, -2331.3, 13.274, 0.376),
(105, 1, 494, 1, 1, 1671756786, 10, 'New Car', 0, 100.9, 1000, 1394.97, -2331.3, 13.274, 0.376),
(106, 43, 411, 1, 1, 1704014820, 10, 'New Car', 1.477, 99.127, 959.915, 1407.91, -2314.3, 13.274, 0.376);

-- --------------------------------------------------------

--
-- Table structure for table `server_safezones`
--

CREATE TABLE `server_safezones` (
  `ID` int(11) NOT NULL,
  `minX` float NOT NULL,
  `minY` float NOT NULL,
  `maxX` float NOT NULL,
  `maxY` float NOT NULL
) ENGINE=InnoDB DEFAULT CHARSET=utf8mb4 COLLATE=utf8mb4_general_ci;

--
-- Dumping data for table `server_safezones`
--

INSERT INTO `server_safezones` (`ID`, `minX`, `minY`, `maxX`, `maxY`) VALUES
(1, 1196, -1839.5, 1284, -1796.5),
(2, 473, -1571.5, 519, -1438.5),
(3, 1358, -2368.5, 1567, -2203.5);

-- --------------------------------------------------------

--
-- Table structure for table `server_svars`
--

CREATE TABLE `server_svars` (
  `varID` int(11) NOT NULL,
  `varName` varchar(64) NOT NULL,
  `varValue` int(11) NOT NULL DEFAULT 0
) ENGINE=InnoDB DEFAULT CHARSET=latin1 COLLATE=latin1_swedish_ci;

--
-- Dumping data for table `server_svars`
--

INSERT INTO `server_svars` (`varID`, `varName`, `varValue`) VALUES
(1, 'ac_speedhack', 1),
(2, 'ac_flyhack', 1),
(3, 'examen_dmv_vehicle', 410),
(4, 'anti_advertising', 1),
(5, 'chat_deelay', 3),
(6, 'anti_c-bug', 1),
(7, 'connections_perip', 3),
(8, 'afk_kick', 0),
(9, 'ac_shoot_through_walls', 1),
(10, 'ac_aimbot', 1),
(11, 'login_queue', 1);

-- --------------------------------------------------------

--
-- Table structure for table `server_turfs`
--

CREATE TABLE `server_turfs` (
  `id` int(11) NOT NULL,
  `gang` int(11) NOT NULL,
  `min_x` float NOT NULL,
  `min_y` float NOT NULL,
  `max_x` float NOT NULL,
  `max_y` float NOT NULL
) ENGINE=InnoDB DEFAULT CHARSET=latin1 COLLATE=latin1_swedish_ci;

--
-- Dumping data for table `server_turfs`
--

INSERT INTO `server_turfs` (`id`, `gang`, `min_x`, `min_y`, `max_x`, `max_y`) VALUES
(1, 6, 2421.99, -1717.48, 2543.99, -1619.48),
(2, 7, 2157.75, -1397.5, 2285.75, -1265.5),
(3, 8, 2295.75, -1291.5, 2376.75, -1139.5),
(4, 9, 1795.73, -2065.5, 1974.73, -1934.5);

-- --------------------------------------------------------

--
-- Table structure for table `server_users`
--

CREATE TABLE `server_users` (
  `ID` int(11) NOT NULL,
  `Name` varchar(24) NOT NULL DEFAULT 'None',
  `IP` varchar(164) NOT NULL DEFAULT 'NULL',
  `Password` varchar(65) NOT NULL DEFAULT 'None',
  `Pin` int(11) NOT NULL DEFAULT -1,
  `EMail` varchar(128) NOT NULL DEFAULT 'None',
  `Referral` varchar(32) NOT NULL DEFAULT '-',
  `ReferralSQLID` int(11) NOT NULL DEFAULT -1,
  `ReferralRespectPoints` int(11) NOT NULL DEFAULT 0,
  `ReferralCash` int(11) NOT NULL DEFAULT 0,
  `PlayerID` int(11) NOT NULL DEFAULT -1,
  `Status` int(11) NOT NULL DEFAULT 0,
  `LastLogin` varchar(32) NOT NULL DEFAULT 'None',
  `RegisterDate` timestamp NOT NULL DEFAULT current_timestamp(),
  `Skin` int(11) NOT NULL DEFAULT 0,
  `Admin` int(11) NOT NULL DEFAULT 0,
  `Helper` int(11) NOT NULL DEFAULT 0,
  `Level` int(11) NOT NULL DEFAULT 1,
  `RespectPoints` int(11) NOT NULL DEFAULT 0,
  `MoneyStore` int(11) NOT NULL DEFAULT 0,
  `Money` int(11) NOT NULL DEFAULT 2500,
  `Bank` int(11) NOT NULL DEFAULT 5000,
  `BankStore` int(11) NOT NULL DEFAULT 0,
  `DrivingLicense` int(11) NOT NULL DEFAULT 0,
  `BoatLicense` int(11) NOT NULL DEFAULT 0,
  `FlyLicense` int(11) NOT NULL DEFAULT 0,
  `WeaponLicense` int(11) NOT NULL DEFAULT 0,
  `Hours` float NOT NULL DEFAULT 0,
  `Seconds` float NOT NULL DEFAULT 0,
  `Mute` int(11) NOT NULL DEFAULT 0,
  `Gender` int(11) NOT NULL DEFAULT 1,
  `Age` int(11) NOT NULL DEFAULT 0,
  `Tutorial` int(11) NOT NULL DEFAULT 0,
  `Warn` int(11) NOT NULL DEFAULT 0,
  `SpawnType` int(11) NOT NULL DEFAULT 1,
  `Rent` int(11) NOT NULL DEFAULT -1,
  `House` int(11) NOT NULL DEFAULT -1,
  `Business` int(11) NOT NULL DEFAULT -1,
  `PlayersHelped` int(11) NOT NULL DEFAULT 0,
  `ReportMute` int(11) NOT NULL DEFAULT 0,
  `QuestionMute` int(11) NOT NULL DEFAULT 0,
  `HelperWarns` int(11) NOT NULL DEFAULT 0,
  `AdminWarns` int(11) NOT NULL DEFAULT 0,
  `PhoneBook` tinyint(1) NOT NULL DEFAULT 0,
  `PhoneNumber` int(11) NOT NULL DEFAULT 0,
  `PhoneCredit` int(11) NOT NULL DEFAULT 0,
  `WalkieTalkie` tinyint(1) NOT NULL DEFAULT 0,
  `Frequency` int(11) NOT NULL DEFAULT 0,
  `FightingStyle` int(11) NOT NULL DEFAULT 0,
  `Job` int(11) NOT NULL DEFAULT 0,
  `FishermanSkill` int(11) NOT NULL DEFAULT 0,
  `FarmerSkill` int(11) NOT NULL DEFAULT 0,
  `FiremanSkill` int(11) NOT NULL DEFAULT 0,
  `BusDriverSkill` int(11) NOT NULL DEFAULT 0,
  `HunterSkill` int(11) NOT NULL DEFAULT 0,
  `CourierSkill` int(11) NOT NULL DEFAULT 0,
  `Drugs` int(11) NOT NULL DEFAULT 0,
  `DrugsDealerSkill` int(11) NOT NULL DEFAULT 0,
  `Materials` int(11) NOT NULL DEFAULT 0,
  `ArmsDealerSkill` int(11) NOT NULL DEFAULT 0,
  `TruckerSkill` int(11) NOT NULL DEFAULT 0,
  `Skins` varchar(64) NOT NULL DEFAULT '-1|-1|-1|-1|-1',
  `RepairKits` int(11) NOT NULL DEFAULT 0,
  `DayQuest` int(11) NOT NULL DEFAULT -1,
  `Quests` varchar(256) NOT NULL DEFAULT '-1|-1|-1|0|0|0',
  `VehiclesSlots` int(11) NOT NULL DEFAULT 2,
  `HUDFps` tinyint(1) NOT NULL DEFAULT 0,
  `HUDAdminStats` tinyint(1) NOT NULL DEFAULT 0,
  `HUDDMG` tinyint(1) NOT NULL DEFAULT 0,
  `HUDShowAHp` tinyint(1) NOT NULL DEFAULT 0,
  `HUDSpeedometer` tinyint(1) NOT NULL DEFAULT 0,
  `TOGPay` tinyint(1) NOT NULL DEFAULT 0,
  `TOGSurf` tinyint(1) NOT NULL DEFAULT 0,
  `TOGWalkieTalkie` tinyint(1) NOT NULL DEFAULT 0,
  `TOGFind` tinyint(1) NOT NULL DEFAULT 0,
  `PremiumPoints` int(11) NOT NULL DEFAULT 0,
  `playerGroup` int(11) NOT NULL,
  `playerGroupRank` int(11) NOT NULL,
  `playerFactionWarns` int(11) NOT NULL,
  `playerFactionPunish` int(11) NOT NULL,
  `playerGroupJoin` int(11) NOT NULL,
  `FactionRaport1` int(11) NOT NULL,
  `FactionRaport2` int(11) NOT NULL,
  `FactionRaport3` int(11) NOT NULL,
  `RaportPlaying` float NOT NULL,
  `playerWantedLevel` int(11) NOT NULL,
  `playerCrime1` varchar(48) NOT NULL DEFAULT 'no crime',
  `playerCrime2` varchar(48) NOT NULL DEFAULT 'no crime',
  `playerCrime3` varchar(48) NOT NULL DEFAULT 'no crime',
  `playerJailTime` int(11) NOT NULL,
  `HeadValue` int(11) NOT NULL
) ENGINE=InnoDB DEFAULT CHARSET=latin1 COLLATE=latin1_swedish_ci;

--
-- Dumping data for table `server_users`
--

INSERT INTO `server_users` (`ID`, `Name`, `IP`, `Password`, `Pin`, `EMail`, `Referral`, `ReferralSQLID`, `ReferralRespectPoints`, `ReferralCash`, `PlayerID`, `Status`, `LastLogin`, `RegisterDate`, `Skin`, `Admin`, `Helper`, `Level`, `RespectPoints`, `MoneyStore`, `Money`, `Bank`, `BankStore`, `DrivingLicense`, `BoatLicense`, `FlyLicense`, `WeaponLicense`, `Hours`, `Seconds`, `Mute`, `Gender`, `Age`, `Tutorial`, `Warn`, `SpawnType`, `Rent`, `House`, `Business`, `PlayersHelped`, `ReportMute`, `QuestionMute`, `HelperWarns`, `AdminWarns`, `PhoneBook`, `PhoneNumber`, `PhoneCredit`, `WalkieTalkie`, `Frequency`, `FightingStyle`, `Job`, `FishermanSkill`, `FarmerSkill`, `FiremanSkill`, `BusDriverSkill`, `HunterSkill`, `CourierSkill`, `Drugs`, `DrugsDealerSkill`, `Materials`, `ArmsDealerSkill`, `TruckerSkill`, `Skins`, `RepairKits`, `DayQuest`, `Quests`, `VehiclesSlots`, `HUDFps`, `HUDAdminStats`, `HUDDMG`, `HUDShowAHp`, `HUDSpeedometer`, `TOGPay`, `TOGSurf`, `TOGWalkieTalkie`, `TOGFind`, `PremiumPoints`, `playerGroup`, `playerGroupRank`, `playerFactionWarns`, `playerFactionPunish`, `playerGroupJoin`, `FactionRaport1`, `FactionRaport2`, `FactionRaport3`, `RaportPlaying`, `playerWantedLevel`, `playerCrime1`, `playerCrime2`, `playerCrime3`, `playerJailTime`, `HeadValue`) VALUES
(1, 'slpr', '127.0.0.1', '$2y$12$RnGr/Hu2BZ7XUyz9Ns3niu3qoJ0RRj.Qk69kupvea9PSvkL.V5Oh6', 1111, 'loaded1338@gmail.com', '-', -1, 0, 0, -1, 0, '18:14:43 03/01/2024', '2024-01-03 13:12:35', 37, 8, 0, 5, 0, 1, 2500, 5000, 0, 0, 0, 0, 0, 0, 787, 0, 2, 23, 1, 0, 1, -1, -1, -1, 0, 0, 0, 0, 0, 0, 0, 0, 0, 0, 0, 1, 0, 0, 0, 0, 0, 0, 0, 0, 0, 0, 0, '-1|-1|-1|-1|-1', 0, 3, '3|9|16|0|0|0', 2, 1, 1, 1, 1, 0, 0, 0, 0, 0, 0, 8, 7, 0, 0, 1704298973, 0, 0, 0, 0, 0, '', '', '', 0, 0),
(2, 'name05', '79.113.188.114', '$2y$12$tS5xltAKOYzHUOvHH1gWru4XzJfza9s1LkVE4B7GpHvO66LCyL3x.', 1111, 'cns2k23@gmail.com', '-', -1, 0, 0, -1, 0, '14:48:22 03/01/2024', '2024-01-03 13:12:45', 37, 6, 0, 5, 0, 0, 2590, 5000, 0, 50, 50, 50, 50, 0, 863, 0, 2, 19, 1, 0, 1, -1, -1, -1, 0, 0, 0, 0, 0, 0, 0, 0, 0, 0, 0, 1, 0, 0, 0, 0, 0, 0, 0, 0, 0, 0, 0, '-1|-1|-1|-1|-1', 0, -1, '-1|-1|-1|0|0|0', 2, 1, 0, 0, 0, 0, 0, 0, 0, 0, 0, 3, 7, 0, 0, 1704289991, 0, 0, 0, 0, 0, '', '', '', 0, 0),
(3, 'name051', '79.113.188.114', '$2y$12$YOF0c0BSADjsLE2IS0ZBoOWaMeh0RMB8oEGHKDzSraIEbK671evzm', 1111, 'cns2k23@gmail;.com', '-', -1, 0, 0, -1, 0, '14:48:08 03/01/2024', '2024-01-03 13:15:15', 37, 0, 0, 1, 0, 0, 12500, 5000, 0, 0, 0, 0, 0, 0, 211, 0, 2, 19, 1, 0, 1, -1, -1, -1, 0, 0, 0, 0, 0, 0, 0, 0, 0, 0, 0, 0, 0, 0, 0, 0, 0, 0, 0, 0, 0, 0, 0, '-1|-1|-1|-1|-1', 0, -1, '-1|-1|-1|0|0|0', 2, 0, 0, 0, 0, 0, 0, 0, 0, 0, 0, 0, 0, 0, 0, 0, 0, 0, 0, 0, 0, '', '', '', 0, 0);

-- --------------------------------------------------------

--
-- Table structure for table `server_users_emails`
--

CREATE TABLE `server_users_emails` (
  `ID` int(11) NOT NULL,
  `To` int(11) NOT NULL,
  `From` varchar(256) NOT NULL,
  `Date` varchar(24) NOT NULL,
  `Message` varchar(256) NOT NULL,
  `Readed` int(11) NOT NULL
) ENGINE=InnoDB DEFAULT CHARSET=latin1 COLLATE=latin1_swedish_ci;

--
-- Dumping data for table `server_users_emails`
--

INSERT INTO `server_users_emails` (`ID`, `To`, `From`, `Date`, `Message`, `Readed`) VALUES
(143, 14, 'AdmBot', '22:35:01 09/10/2022', 'Sancky setted (offline) your admin level to 0.', 0),
(161, 1, 'AdmBot', '23:03:28 09/10/2022', 'Sancky setted your helper level to 2.', 1),
(162, 1, 'AdmBot', '23:03:29 09/10/2022', 'Sancky setted your helper level to 3.', 1),
(163, 1, 'AdmBot', '23:03:29 09/10/2022', 'Sancky setted your helper level to 2.', 1),
(165, 1, 'AdmBot', '23:05:02 09/10/2022', 'Sancky setted your helper level to 2.', 1),
(166, 1, 'AdmBot', '23:05:03 09/10/2022', 'Sancky setted your helper level to 1.', 1),
(167, 1, 'AdmBot', '23:05:03 09/10/2022', 'Sancky setted your helper level to 3.', 1),
(168, 1, 'AdmBot', '23:05:04 09/10/2022', 'Sancky setted your helper level to 2.', 1),
(170, 1, 'AdmBot', '23:05:24 09/10/2022', 'Sancky setted your helper level to 2.', 1),
(173, 1, 'AdmBot', '23:05:33 09/10/2022', 'Sancky setted your helper level to 1.', 1),
(175, 1, 'AdmBot', '01:53:14 15/10/2022', 'Sancky setted your helper level to 1.', 1),
(176, 1, 'AdmBot', '01:53:15 15/10/2022', 'Sancky setted your helper level to 0.', 1);

-- --------------------------------------------------------

--
-- Table structure for table `server_vehicles`
--

CREATE TABLE `server_vehicles` (
  `ID` int(11) NOT NULL,
  `Model` int(11) NOT NULL,
  `X` float NOT NULL,
  `Y` float NOT NULL,
  `Z` float NOT NULL,
  `Angle` float NOT NULL,
  `ColorOne` int(11) NOT NULL,
  `ColorTwo` int(11) NOT NULL
) ENGINE=InnoDB DEFAULT CHARSET=latin1 COLLATE=latin1_swedish_ci;

--
-- Dumping data for table `server_vehicles`
--

INSERT INTO `server_vehicles` (`ID`, `Model`, `X`, `Y`, `Z`, `Angle`, `ColorOne`, `ColorTwo`) VALUES
(1, 481, 478.161, -1528.5, 19.4907, 282.69, 15, 15),
(2, 481, 477.953, -1527.58, 19.5425, 282.92, 15, 15),
(3, 481, 477.726, -1526.72, 19.5946, 283.097, 15, 15),
(4, 481, 492.946, -1523.47, 19.5752, 102.091, 15, 15),
(5, 481, 493.224, -1524.48, 19.5008, 102.534, 15, 15),
(6, 481, 493.473, -1525.49, 19.4309, 101.52, 15, 15),
(7, 510, 483.057, -1468.09, 18.5528, 247.146, 15, 15),
(8, 510, 483.443, -1467.13, 18.469, 245.887, 15, 15),
(9, 510, 483.823, -1466.24, 18.3937, 245.258, 15, 15),
(10, 510, 498.385, -1472.24, 18.3343, 66.4973, 15, 15),
(11, 510, 498.008, -1473.22, 18.4386, 65.2658, 15, 15),
(12, 510, 497.664, -1474.11, 18.5339, 63.5451, 15, 15),
(13, 410, 542.678, -1363.14, 15.2738, 100.98, -1, -1),
(14, 405, 1254.87, -1167.73, 23.7031, 0.821629, -1, -1),
(15, 401, 1718.59, -1473.3, 13.3288, 89.8828, -1, -1),
(16, 422, 311.551, -1809.38, 4.45083, 179.795, -1, -1),
(17, 475, -43.0573, -1567.12, 2.33819, 152.933, -1, -1),
(18, 475, -30.1961, -1132.75, 0.882316, 154.62, -1, -1),
(19, 600, 1132.9, -1009.6, 29.5733, 89.4057, -1, -1),
(20, 600, 2217.58, -1166.04, 25.4404, 90.8703, -1, -1),
(21, 580, 2065.59, -1904.18, 13.343, 0.715595, -1, -1),
(22, 586, 1844.43, -1871.93, 12.91, 359.724, -1, -1),
(23, 507, 1387.36, -1458.26, 13.3709, 343.673, -1, -1),
(24, 566, 1012.45, -1368.06, 13.1391, 2.22916, -1, -1),
(25, 471, 312.005, -1788.87, 4.05879, 180.833, -1, -1),
(26, 471, 315.217, -1788.76, 4.11277, 181.829, -1, -1),
(27, 475, 342.362, -1347.57, 14.312, 118.021, -1, -1);

-- --------------------------------------------------------

--
-- Table structure for table `server_warn_logs`
--

CREATE TABLE `server_warn_logs` (
  `ID` int(11) NOT NULL,
  `AdminSQLID` int(11) NOT NULL,
  `PlayerSQLID` int(11) NOT NULL,
  `Reason` varchar(128) NOT NULL,
  `Date` timestamp NOT NULL DEFAULT current_timestamp() ON UPDATE current_timestamp()
) ENGINE=InnoDB DEFAULT CHARSET=utf8mb4 COLLATE=utf8mb4_general_ci;

--
-- Dumping data for table `server_warn_logs`
--

INSERT INTO `server_warn_logs` (`ID`, `AdminSQLID`, `PlayerSQLID`, `Reason`, `Date`) VALUES
(1, 1, 8, 'comportamen', '2021-11-05 01:16:49'),
(2, 1, 1, 's', '2022-10-08 20:56:23'),
(3, 1, 1, '1', '2022-10-08 21:08:44'),
(4, 1, 1, 's', '2022-10-08 21:19:36'),
(5, 1, 1, 's', '2022-10-08 21:27:52'),
(6, 1, 1, 'pula mea a adadasda', '2022-10-08 21:30:20'),
(7, 1, 1, 'test vecorst', '2022-10-08 21:32:11'),
(8, 1, 1, 's', '2022-10-09 00:15:11');

--
-- Indexes for dumped tables
--

--
-- Indexes for table `server_bans`
--
ALTER TABLE `server_bans`
  ADD PRIMARY KEY (`ID`),
  ADD KEY `ID` (`ID`),
  ADD KEY `PlayerSQLID` (`PlayerSQLID`);

--
-- Indexes for table `server_business`
--
ALTER TABLE `server_business`
  ADD PRIMARY KEY (`ID`),
  ADD KEY `ID` (`ID`),
  ADD KEY `OwnerSQLID` (`OwnerSQLID`);

--
-- Indexes for table `server_chat_logs`
--
ALTER TABLE `server_chat_logs`
  ADD PRIMARY KEY (`ID`),
  ADD KEY `ID` (`ID`),
  ADD KEY `PlayerSQLID` (`PlayerSQLID`);

--
-- Indexes for table `server_dealership_vehicles`
--
ALTER TABLE `server_dealership_vehicles`
  ADD PRIMARY KEY (`ID`),
  ADD KEY `ID` (`ID`);

--
-- Indexes for table `server_doors`
--
ALTER TABLE `server_doors`
  ADD PRIMARY KEY (`doorID`);

--
-- Indexes for table `server_friends`
--
ALTER TABLE `server_friends`
  ADD PRIMARY KEY (`ID`),
  ADD KEY `ID` (`ID`),
  ADD KEY `PlayerSQLID` (`PlayerSQLID`);

--
-- Indexes for table `server_groups`
--
ALTER TABLE `server_groups`
  ADD PRIMARY KEY (`groupID`);

--
-- Indexes for table `server_group_vehicles`
--
ALTER TABLE `server_group_vehicles`
  ADD PRIMARY KEY (`id`);

--
-- Indexes for table `server_turfs`
--
ALTER TABLE `server_turfs`
  ADD PRIMARY KEY (`id`);

--
-- Indexes for table `server_users`
--
ALTER TABLE `server_users`
  ADD PRIMARY KEY (`ID`),
  ADD KEY `ID` (`ID`),
  ADD KEY `Name` (`Name`);

--
-- AUTO_INCREMENT for dumped tables
--

--
-- AUTO_INCREMENT for table `server_bans`
--
ALTER TABLE `server_bans`
  MODIFY `ID` int(11) NOT NULL AUTO_INCREMENT, AUTO_INCREMENT=3;

--
-- AUTO_INCREMENT for table `server_turfs`
--
ALTER TABLE `server_turfs`
  MODIFY `id` int(11) NOT NULL AUTO_INCREMENT, AUTO_INCREMENT=5;

--
-- AUTO_INCREMENT for table `server_users`
--
ALTER TABLE `server_users`
  MODIFY `ID` int(11) NOT NULL AUTO_INCREMENT, AUTO_INCREMENT=4;
COMMIT;

/*!40101 SET CHARACTER_SET_CLIENT=@OLD_CHARACTER_SET_CLIENT */;
/*!40101 SET CHARACTER_SET_RESULTS=@OLD_CHARACTER_SET_RESULTS */;
/*!40101 SET COLLATION_CONNECTION=@OLD_COLLATION_CONNECTION */;
